,Companion Map: bit.ly/sfstairmap,,,Contact: info@urbanhikersf.com,,,
,Based on the index of Stairway Walks of San Francisco by Mary Burk and Adah Bakalinsky,,,Instagram/Twitter: @urbanhikersf,,,
,More info: See FAQ tab below.,,,Facebook: www.facebook.com/urbanhikersf,,,
,"Neighborhood/
Category",Rating,Description,# of Stairs!,Photo?,,Legend for ratings and colors on map and in spreadsheet
,Alamo Square,3,"Alamo Square. Fulton at Pierce, into square.",,https://photos.app.goo.gl/ceHtCe2pKJWgo8tWA,,"5 - The Scheherazade category. These stairways surprise the walker. Elegant or rustic, short or long, they exhibit variety, stir the imagination, and delight the senses."
,Alamo Square,3,"Alamo Square. Fulton at Steiner, into square.",,https://photos.app.goo.gl/y8AFqLgDw23Kza7N9,,4 - Impressive qualities with minor shortcomings; one outstanding aspect or extremely attractive design.
,Alamo Square,3,"Alamo Square. Grove at Scott, into square.",,https://photos.app.goo.gl/iQHdGme7H3EsvNiC7,,"3 - Little known but deserving of wider recognition because of the environs, human-made or natural. Neighborhood is generally very attractive."
,Alamo Square,3,"Alamo Square. Grove at Steiner, into square.",,https://photos.app.goo.gl/tbjnLjdTE6Kn4ixA6,,"2 - Intrinsic to neighborhood history and ambiance. Well trodden. Functional. In most cases, the architectural context rates considerably higher than the stairway itself, or the view may be worth the visit."
,Alamo Square,3,"Alamo Square. Hayes at Pierce, into square.",,https://photos.app.goo.gl/Taz2Nauwtyf5Ehxo9,,1 - It may be so boring that you'll fall asleep on the first landing. 
,Alamo Square,2,"Alamo Square. Hayes/Scott & Pierce. Divided street, four separate stairways",,https://photos.app.goo.gl/9hFTAqKd53z5JHpo6,,Black map marker - Need to verify existence or add to spreadsheet
,Alcatraz Island,3,Agave Trail.,,https://photos.app.goo.gl/L3tegd9rJpBfsBjr7,,Beige rows - These stairways are not listed in the index of Stairway Walks in San Francisco. I added them to this list myself.
,Alcatraz Island,2,Multiple stairways around the lighthouse and Administration Building.,,,,
,Alcatraz Island,2,Prisoner Garden/Recreation Yard,,https://photos.app.goo.gl/QYxTnVKJe3B1muRB6,,
,Anza Vista,4,"Lone Mtn., from No. 401 Parker to Beaumont to Stanyan to Rossi. Long narrow streets, church spires, views of Angel Island and west; nice series of Victorians on McAllister off Parker.",,https://photos.app.goo.gl/vvebp9tB2HmemNw88,,More info
,Anza Vista,2,Arbol Lane/Anza Vista & Turk. Good everyday route.,,https://photos.app.goo.gl/fZQNMne7F1edAuQB7,,Shortlink to this sheet: bit.ly/sfstairsheet
,Anza Vista,2,"Arguello/Anza & Edward, into Rossi Recreation Center. Large granite planter bowls at entrance of two granite stairways.",,https://photos.app.goo.gl/Ax2WgQP5pHPr5Mwu7,,Shortlink to companion map: bit.ly/sfstairmap
,Anza Vista,2,"Ewing at Nos.196-200 to Anza, near Collins. Ewing Court was a baseball field at one time. Clever.",,https://photos.app.goo.gl/uMLiq7QFQLSGmLQJ9,,Questions? Corrections? Edits? Anything else? Email info@urbanhikersf.com.
,Anza Vista,2,Vicha Ratanapakdee Way/Terra Vista & O'Farrell at No. 90 Terra Vista.,,https://photos.app.goo.gl/xphTrK1TKjC6A1fz7,,Social media
,Anza Vista,1,Geary and Broderick,,https://photos.app.goo.gl/EQhwM7G7Gw7ro8pa9,,Follow me on social media:
,Anza Vista,1,O'Farrell & Lyon. Rounding a corner.,,https://photos.app.goo.gl/xphTrK1TKjC6A1fz7,,Twitter
,Balboa Park,3,Naglee/Alemany & Cayuga. Mosaic!,,https://photos.app.goo.gl/3QrxP2AninvpsqC98,,
,Balboa Park,2,"Alemany, near Rousseau to Mission.",,https://photos.app.goo.gl/6efsZKZaQ1NbrCSH6,,Instragram (@urbanhikersf)
,Balboa Park,2,"Balboa Park. San Jose, near Ocean, into park.",,https://photos.app.goo.gl/TThrTvpMokUb6Gox9,,Facebook
,Balboa Park,2,Cayuga Park Clubhouse.,,https://photos.app.goo.gl/ry3BKwMdZ8u7Ea3U7,,Buy my books:
,Balboa Park,2,Cayuga Park. Through sculptures and leading up to Alemany Boulevard.,,https://photos.app.goo.gl/DrkaWT5zUU267k817,,Urban Trails: San Francisco
,Balboa Park,2,Cayuga Park. Up to Playground.,,https://photos.app.goo.gl/2xeVkf2qjGSmx1NC7,,Urban Trails: East Bay
,Balboa Park,2,"Geneva, near Ocean. Skyway to City College; stairways midspan to MUNI Metro.",,https://photos.app.goo.gl/a15EQextVCAD2gZf6,,Urban Trails: Peninsula and South Bay
,Balboa Park,2,Oneida/Alemany & Cayuga.,,https://photos.app.goo.gl/QcZTxLunumyhrRY9A,,Stay in touch
,Balboa Park,1,Cayuga Park. Behind playground.,,https://photos.app.goo.gl/XT5Pa3KowVUSPwTk7,,Join my email list—sign up at https://www.urbanhikersf.com
,Balboa Park,1,Mission at Trumbull to Alemany.,,https://photos.app.goo.gl/Ec3vHouucvXFqeSS9,,
,Balboa Park,1,Naglee Avenue leading into Cayuga Park basketball courts.,,https://photos.app.goo.gl/Yf9EZPSHDkc2Sqwu9,,
,Balboa Park,1,Restani Way & No. 718 Geneva.,,"https://photos.app.goo.gl/iCEveuQiUXntWV7QA
Photo by Brett Lider",,
,BART and MUNI Metro Stations,4,"Powell BART-Muni Metro Station at Halladie Plaza, east of Cyril Magnin. Two stairways.",,https://photos.app.goo.gl/sTtRn25gsuxQRp7C9,,
,BART and MUNI Metro Stations,3,"16th St. BART Station at Mission, down into station.",,https://photos.app.goo.gl/TcuHHJCqhLoqcewq7,,
,BART and MUNI Metro Stations,3,Rose Pak Station. Outside station to rooftop plaza. (Some extra stairs on the side of this stairway too.),24,https://photos.app.goo.gl/nP3P3L64vfE6Lo4Q9,,
,BART and MUNI Metro Stations,3,Church MUNI Metro Station. Both sides of Market Street down into station. ,,https://photos.app.goo.gl/6vLvWfDLhadsPgpL8,,
,BART and MUNI Metro Stations,3,"Glen Park BART Station at Diamond/Bosworth & Monterey, down into station.",,,,
,BART and MUNI Metro Stations,3,"24th St. BART Station at Mission, down into station.",,https://photos.app.goo.gl/8kyndE8na6AcdnBRA,,
,BART and MUNI Metro Stations,3,"Montgomery BART-MUNI Metro Station at Montgomery & Market, down into station.",,,,
,BART and MUNI Metro Stations,3,"Powell BART-Muni Metro Station at Halladie Plaza, west of Cyril Magnin.",,https://photos.app.goo.gl/na6S2WijQYvHTWcF7,,
,BART and MUNI Metro Stations,2,"Balboa Park BART-Muni Metro Station at Geneva & San Jose, down into station",,,,
,BART and MUNI Metro Stations,2,"Castro MUNI Metro Station at Castro & Market, down into station.",,https://photos.app.goo.gl/wom15cfT1taHYk5b6,,
,BART and MUNI Metro Stations,2,Civic Center BART-MUNI Metro station. Multiple stairways.,,https://photos.app.goo.gl/1oNQFxkD9F5xHesF9,,
,BART and MUNI Metro Stations,2,"Forest Hill MUNI Metro Station at Laguna Honda, near Dewey, inside station",,,,
,BART and MUNI Metro Stations,2,Glen Park BART Station at Monterey at Diamond.,,https://photos.app.goo.gl/7zKbM5e3mvsa5bZE7,,
,BART and MUNI Metro Stations,2,Monterey to San Jose. Down to San Jose Ave. J station.,,https://photos.app.goo.gl/SEBFwckqBgja1HeK7,,
,BART and MUNI Metro Stations,2,Montgomery BART-MUNI Metro station. Multiple stairways.,,https://photos.app.goo.gl/cXQG8Q7ocvFyGdzB7,,
,BART and MUNI Metro Stations,2,Powell BART-MUNI Metro station. Multiple stairways.,,https://photos.app.goo.gl/SSWYriHfRXMCTVTA7,,
,BART and MUNI Metro Stations,2,"Van Ness MUNI Metro Station at Van Ness & Market, down into station.",,https://photos.app.goo.gl/9Zkw44DobGchJvACA,,
,BART and MUNI Metro Stations,2,West Portal MUNI Metro Station at West Portal & Ulloa.,,https://photos.app.goo.gl/ftRNM8gHVwTrpWU99,,
,BART and MUNI Metro Stations,1,"Glen Park BART station. Two small stairways near bike share area.
",,https://photos.app.goo.gl/AoEZ9Wvb9cxwuivx7,,
,BART and MUNI Metro Stations,1,https://photos.app.goo.gl/bW6W9g55uZvSb8zAA,,https://photos.app.goo.gl/ZXqaqJRouK61DXwP8,,
,Bayview,5,Aurelious Walker Stairway/Flights of Fancy/Aurelious Walker & Innes. Mosaic!,,https://photos.app.goo.gl/bmUQJq3HAbYnzECr5,,
,Bayview,5,"Quesada Gardens Mosaic Steps. Quesada-Upper Quesada to Lower Quesada, near Newhall. Mural at the bottom of the stairs.",,https://photos.app.goo.gl/KS91dZSY9u69mLtK7,,
,Bayview,3,"Hilltop Park. LaSalle at Osceola, up to park.",,https://photos.app.goo.gl/ArcWqfrHPRojeHvC6,,
,Bayview,3,LaSalle-Upper LaSalle to Lindsay Circle.,,https://photos.app.goo.gl/g4u6hnHJLAXHvc2c8,,
,Bayview,3,Promontory Park. Part of Hunters View housing development. Fairfax Ave./Keith St. & Acacia Ave. Multiple stairways around periphery of park.,,https://photos.app.goo.gl/UWVyXsW1otq5BcDU6,,
,Bayview,3,Youngblood Coleman Recreation Center. Hudson Ave./Mendell & Keith. Stairways alongside concrete slide.,,https://photos.app.goo.gl/4zF3A7mUYXT7L2K97,,
,Bayview,3,Youngblood Coleman Recreation Center. Stairway through center of park and continuing down to Lane Street entrance.,,"Center of park: https://photos.app.goo.gl/fLzNDWCGL1jPhqqf9
Lane Street entrance: https://photos.app.goo.gl/cZn42cbpNB1YVUbPA",,
,Bayview,2,"Adam Rogers Park, leading to Garlington Ct.",,https://photos.app.goo.gl/Hr4zUKPGTbnS15br8,,
,Bayview,2,Adam Rogers Park. Down to playground.,,https://photos.app.goo.gl/7DiwUYGxVFjqwKQD8,,
,Bayview,2,Bayview Park. Crumbling red stairway.,,https://photos.app.goo.gl/MJXEwBK1mrdcqRkq8,,
,Bayview,2,Center of Adam Rogers Park,,https://photos.app.goo.gl/3BBm6mzG9Epk2Yuv7,,
,Bayview,2,End of Oakdale Avenue into Adam Rogers Park.,,"https://photos.app.goo.gl/fhLXCNNYnqubTxCW9 and
https://photos.app.goo.gl/GwgfhCtXqdomsWM56",,
,Bayview,2,End of Whitfield Court into Adam Rogers Park. Few stairways.,,https://photos.app.goo.gl/W2u1qWK6KiQvTRun7,,
,Bayview,2,Gilman Playground from the intersection of Griffith & Ingerson.,,,,
,Bayview,2,Gilroy & Jamestown.,,,,
,Bayview,2,Hawes & Innes.,,https://photos.app.goo.gl/bJhXJfQx9YrWQBQKA,,
,Bayview,2,Hilltop Park. Up to sundial.,,https://photos.app.goo.gl/gvtzcfdmoZNe3SLo7,,
,Bayview,2,Hillview Court/Whitney Young Cir. & Cashmere St.,,https://photos.app.goo.gl/vX7Ayt8diSD87Gzx5,,
,Bayview,2,India Basin Shoreline Park. In Playground.,,https://photos.app.goo.gl/udomJUYw5pxkk2Sk9,,
,Bayview,2,"Jamestown Ave & Jennings St., at corner.",11,https://photos.app.goo.gl/VHhNb8B4kH1srhnG7,,
,Bayview,2,Key at 3rd Street,,https://photos.app.goo.gl/U822V4yyV5XYckoT7,,
,Bayview,2,Key at Jennings.,,https://photos.app.goo.gl/U55xX8UVMpuRNDbRA,,
,Bayview,2,"La Salle Ave., up to high school.",,https://photos.app.goo.gl/v5qeUueknEQntGnb7,,
,Bayview,2,Lane to No.1501 Lower LaSalle.,,https://photos.app.goo.gl/wsVSHW98G7CCUE7c7,,
,Bayview,2,LaSalle & Osceola to Health Center.,,https://photos.app.goo.gl/BYZpeJzTq6ZGS2pT8,,
,Bayview,2,LaSalle to Hilltop Park/Osceola & Garlington Court.,,https://photos.app.goo.gl/HeJSQjQkGV9pEzyT6,,
,Bayview,2,"Le Conte Ave. & Jennings St., at corner",10,https://photos.app.goo.gl/ZEkooayDaTGvd87b8,,
,Bayview,2,Quesada/Newhall & 3rd St. (Between Upper and Lower Quesada). Three stairways: two concrete stairways and one wood stairway.,,"Concrete stairway example: https://photos.app.goo.gl/ztWkNeMtq87Mcehw5
Wood stairway: https://photos.app.goo.gl/VfKpBjomWuUJ2BhM7",,
,Bayview,2,Revere/Newhall & 3rd St. Sidewalk stairways on both sides of the street and stairways from the sidewalk to the street.,,"Example stairway to street: https://photos.app.goo.gl/2zXnfLBEEFhw8XJy6

Top of street: https://photos.app.goo.gl/ugzQxsfNzNW7AF2H9",,
,Bayview,2,Thornton/3rd St. & Latona. Two stairways on either side of the street.,,https://photos.app.goo.gl/uM4LzgrReordojZf8,,
,Bayview,2,Youngblood Coleman Recreation Center. Main entrance on Hudson Ave./Mendell & Keith.,,https://photos.app.goo.gl/sB5Hums8s7Cb3C9V9,,
,Bayview,1,Adam Rogers Park. Up to basketball court.,,https://photos.app.goo.gl/MHi5t84nbjrRrw5i9,,
,Bayview,1,Key Ave./Jennings St. & Bayview Hill Park. In front of #979.,6,https://photos.app.goo.gl/EaEMhjvmPTWe6Wky6,,
,Bayview,1,Key Ave./Jennings St. & Bayview Hill Park. Stairways in front of #991 and #987,5,https://photos.app.goo.gl/vm7cjBsgGEjgPp5i6,,
,Bayview,1,Shoreview Park. Stairway to nowhere at the end of Rosie Lee Lane.,,,,
,Bayview,1,Youngblood Coleman Recreation Center. Few stairs by baseball field,,https://photos.app.goo.gl/UMaDdqMNNGQD63gV8,,
,Bayview,1,Youngblood Coleman Recreation Center. Few stairs down to tennis courts.,,https://photos.app.goo.gl/UKhuJwnhX3MARVtw8,,
,Bernal Heights,5,Esmeralda/Prospect & Winfield,,https://photos.app.goo.gl/bomWt77rFaetZek87,,
,Bernal Heights,5,Joy/Holladay & Brewster.,,https://photos.app.goo.gl/T6NJJVrTWybHaFsZ6,,
,Bernal Heights,5,Mirabel at No. 11 to Precita.,52,https://photos.app.goo.gl/eyt4BsJx48LPJJVS9,,
,Bernal Heights,5,Tompkins/Putnam & Nevada. Mosaic!,66,https://photos.app.goo.gl/nE8zjw3BTgcZSb6S9,,
,Bernal Heights,4,Andover/Powhattan & Bernal Heights Park.,,https://photos.app.goo.gl/7yqhsrqTva9BS2aN7,,
,Bernal Heights,4,Bradford Stairway from end of Bradford to Jarboe,101,https://photos.app.goo.gl/JVpihvLKXvG4Qz2T6,,
,Bernal Heights,4,Brewster/Brewster at Costa & Upper Brewster & Rutledge.,,https://photos.app.goo.gl/u5X9kGfjyz6Emgeq5,,
,Bernal Heights,4,Eugenia/Prospect & Winfield.,,https://photos.app.goo.gl/rMRDuhefbYG7sfpp6,,
,Bernal Heights,4,Franconia/Franconia & Brewster Stairway through Miller Dogpatch Memorial Garden.,,https://photos.app.goo.gl/XsnkqwnqYP2zbSoXA,,
,Bernal Heights,4,Franconia/Montcalm & Rutledge.,26,https://photos.app.goo.gl/h7TM4t61hRMEJjZB6,,
,Bernal Heights,4,Gates/Bernal Heights Blvd. & Powhattan.,34,https://photos.app.goo.gl/bUYdzZbhVVKMUaUT6,,
,Bernal Heights,4,Holladay/Peralta & Bayshore.,,https://photos.app.goo.gl/skoDQFNrGffzw2MB9,,
,Bernal Heights,4,Ogden Terrace Community Garden. Ogden/Nevada & Prentiss.Ogden/Nevada & Prentiss.,,https://photos.app.goo.gl/2yigoWM5rBuHXmss5,,
,Bernal Heights,4,Peralta/Samoset & Rutledge.,,https://photos.app.goo.gl/6gNicG7kKdygimjx6,,
,Bernal Heights,4,"Rutledge/Holladay, Mullen, Brewster, & Wolf Lane Community Garden.",169,https://photos.app.goo.gl/cRCZSGQbAmTPNyV66,,
,Bernal Heights,3,Banks/Chapman & Powhattan.,27,https://photos.app.goo.gl/Yd3mYpVaz8azn7xWA,,
,Bernal Heights,3,Bernal Heights Park. Across street from 39 Ellsworth into park.,,https://photos.app.goo.gl/sea7sHfANAp4C9Ps9,,
,Bernal Heights,3,Bernal Heights Park. Intersection of Folsom St. & Bernal Heights Blvd.,,https://photos.app.goo.gl/c5gGdofxUThxSn1J6,,
,Bernal Heights,3,Bessie/Bessie & Mirabel at Shotwell.,,https://photos.app.goo.gl/r66QcRjrzqaAMNzv5,,
,Bernal Heights,3,Esmeralda/Brewster & Franconia.,,https://photos.app.goo.gl/LWp7Ht4Jc6wffsDu8,,
,Bernal Heights,3,Esmeralda/Coleridge & Lundys.,,https://photos.app.goo.gl/ofN4PHsBjGvfsFDx7,,
,Bernal Heights,3,Fair Stairway/Coleridge & Lundys.,,https://photos.app.goo.gl/BsyiXRYvpEmC7vpp9,,
,Bernal Heights,3,Faith/Brewster & Holladay.,38,https://photos.app.goo.gl/1YMQ9WvENZpk4Gip6,,
,Bernal Heights,3,Franconia/Mullen & Montcalm.,,https://photos.app.goo.gl/fdKSUZJ3E8ma3XaF7,,
,Bernal Heights,3,Franconia/Mullen & Peralta.,,https://photos.app.goo.gl/p3D9L2VtdZXmazuJ7,,
,Bernal Heights,3,Harrison/Ripley & Norwich.,,https://photos.app.goo.gl/VX76dQkCKrFCeTZP8,,
,Bernal Heights,3,Kingston/Coleridge & Prospect.,39,https://photos.app.goo.gl/FKUUAvCBNTThsia6A,,
,Bernal Heights,3,Mayflower/Bradford & Carver.,13,https://photos.app.goo.gl/uxpg9MvvyyM5tNEw6,,
,Bernal Heights,3,Mayflower/Holladay & Peralta.,65,https://photos.app.goo.gl/XbhtXKDYa9PgQbf17,,
,Bernal Heights,3,Montcalm/Wright & Peralta.,,https://photos.app.goo.gl/m6kZQ5XRBs84UY2g6,,
,Bernal Heights,3,Montezuma at Coso to Mirabel,,https://photos.app.goo.gl/Tbejv1u1xeZ4ncbU7,,
,Bernal Heights,3,Moultrie/Bernal Heights Blvd. & Powhattan.,24,https://photos.app.goo.gl/YpFXMaZfKmREw8TV9,,
,Bernal Heights,3,Nevada/Powhattan & Chapman.,74,https://photos.app.goo.gl/Tm55v8ScMtpEBVYY7,,
,Bernal Heights,3,Prentiss/Bernal Heights Blvd. & Chapman.,52,https://photos.app.goo.gl/RDscptPgunYzxKjE6,,
,Bernal Heights,3,Prentiss/Chapman & Powhattan,27,https://photos.app.goo.gl/Tm55v8ScMtpEBVYY7,,
,Bernal Heights,3,Rosenkrantz between Carver and Nevada,48,https://photos.app.goo.gl/ntVMEbjitaa44b846,,
,Bernal Heights,3,"Rosenkrantz to Bernal Heights Boulevard, between Nevada and Carver.",,https://photos.app.goo.gl/NZmAvWoUokAVPhtV8,,
,Bernal Heights,3,Rosenkrantz/Bernal Heights Blvd. & Bernal Heights Blvd. at Powhattan.,24,https://photos.app.goo.gl/pRcDxsgyJYLensrY6,,
,Bernal Heights,3,Virginia & Elsie. Virginia Garden Walk.,,https://photos.app.goo.gl/ZVhc4EcCa8y2xQLr9,,
,Bernal Heights,2,Aztec/Aztec & Shotwell.,,https://photos.app.goo.gl/77BoCb5fumUxH7if8,,
,Bernal Heights,2,"Bernal Heights Park. Coso, near Bonview, into park.",,https://photos.app.goo.gl/nmodMCyX2sZFogay7,,
,Bernal Heights,2,Bernal Heights Park. From paved path above Esmeralda up to trail and into park.,,https://photos.app.goo.gl/44iA5CimnfrshgTw9,,
,Bernal Heights,2,Bronte/Tompkins & Jarboe.,26,https://photos.app.goo.gl/587ucYFqBuTm4TT5A,,
,Bernal Heights,2,Coso/Prospect & Winfield. Sidewalk stairway.,,https://photos.app.goo.gl/CWG5bE37axTcmLKX7,,
,Bernal Heights,2,Cuvier/San Jose & Bosworth.,,https://photos.app.goo.gl/qUqAcTMXY8gEmVBi9,,
,Bernal Heights,2,Esmeralda/Winfield & Elsie. Up to Bernal Heights Park.,,https://photos.app.goo.gl/45zcYzxDmtie8ueKA,,
,Bernal Heights,2,Highland to San Jose.,,https://photos.app.goo.gl/EFvcXuPgPtKH2AgJ8,,
,Bernal Heights,2,Holly Park. Across from Junipero Serra School at Holly Park Circle.,,https://photos.app.goo.gl/bM3ZGdcH6fMXjfGk7,,
,Bernal Heights,2,"Holly Park. Bocana at Holly Park Circle, into park.",,https://photos.app.goo.gl/grVBkpr1w8L329Zn6,,
,Bernal Heights,2,"Holly Park. East side up from Highland, in park.",,https://photos.app.goo.gl/zvk71iu8wfE3eHyU9,,
,Bernal Heights,2,"Holly Park. Highland at Holly Park Circle, into park.",,https://photos.app.goo.gl/sLZsV4WD372mAYYp7,,
,Bernal Heights,2,"Holly Park. Murray at Holly Park Circle, into park.",,https://photos.app.goo.gl/c1sU9MH8nRVaBqPy6,,
,Bernal Heights,2,Manchester at end of street below Bernal Heights Park.,,https://photos.app.goo.gl/55JJppLn7KP4nqjv8,,
,Bernal Heights,2,Mullen Peralta Mini Park/Montcalm & Mullen.,,https://photos.app.goo.gl/GpWscArH9QGtqHPQA,,
,Bernal Heights,2,"Mullen Stairway, next to No.146, near Franconia.",,https://photos.app.goo.gl/5x1bG8yQg7rMxcu5A,,
,Bernal Heights,2,Peralta/Rutledge & Montcalm.,,https://photos.app.goo.gl/z8KpDemrKVz9Qjfs5,,
,Bernal Heights,2,Powhattan/Gates & Ellsworth.,,https://photos.app.goo.gl/c9vHby1k13jwV3iHA,,
,Bernal Heights,2,Prospect/Cortland & Santa Marina in Good Prospect Community Garden.,21,https://photos.app.goo.gl/Bu3zJA5e1pEujuy2A,,
,Bernal Heights,2,Richland to San Jose.,,https://photos.app.goo.gl/uUUH5LxvGS299nyS8,,
,Bernal Heights,2,St. Mary's Dog Park to Alemany Farm.,,https://photos.app.goo.gl/wVmiW6rSLAnRVjiq9,,
,Bernal Heights,2,Virginia & Winfield. Virginia Garden Walk.,,https://photos.app.goo.gl/WjENPPFYQ6BBWLAK8,,
,Bernal Heights,1,Appleton/San Jose & Mission.,,https://photos.app.goo.gl/hiweY3Gxhz1qasSW7,,
,Bernal Heights,1,Banks at Bernal Heights Blvd.,8,https://photos.app.goo.gl/HvMxuougFNARgxhR8,,
,Bernal Heights,1,Bonview at end. Three steps into Bernal Heights Park.,3,https://photos.app.goo.gl/aRaLQasJ1WGt44J56,,
,Bernal Heights,1,Eve Stairway/Upper & Lower Holladay at Wright & Peralta.,,https://photos.app.goo.gl/G4PmtNiJH3ZNi4TU7,,
,Bernal Heights,1,Holly Park. Into basketball courts.,,https://photos.app.goo.gl/wVmiW6rSLAnRVjiq9,,
,Bernal Heights,1,Lundys Lane & Fair Ave. Just a few steps.,,https://photos.app.goo.gl/5w7WJYeLr9J76bGu7,,
,Bernal Heights,1,Ogden/Moultrie & Anderson. Three wood steps.,,https://photos.app.goo.gl/EpGyX7fYmnhZTmnx7,,
,Bernal Heights,1,Precita Park. Corner of Folsom and Precita. Just a few steps.,,https://photos.app.goo.gl/pnCc3NGKz4ZrnvsN8,,
,Buena Vista (Corona Heights),5,"Buena Vista East at Nos. 355-399, into Buena Vista Park.",,https://photos.app.goo.gl/PhWMiV94am3XaU8U9,,
,Buena Vista (Corona Heights),5,"Buena Vista East. Buena Vista Terrace & Duboce, into Buena Vista Park.",,https://photos.app.goo.gl/5MMhTWU2eA8kQtKg6,,
,Buena Vista (Corona Heights),5,"Buena Vista East. Waller/Broderick, into Buena Vista Park.",,https://photos.app.goo.gl/nhnFUqV6P2tiRjSK9,,
,Buena Vista (Corona Heights),5,Buena Vista Park. Near Entrance at Buena Vista East & Buena Vista West at Upper Terrace.,,https://photos.app.goo.gl/DRQU2YDJjVJ3RSLaA,,
,Buena Vista (Corona Heights),4,"Buena Vista East. Baker & Haight, into Buena Vista Park.",,https://photos.app.goo.gl/WQ5aFBJdvLusGyA87,,
,Buena Vista (Corona Heights),4,Buena Vista East. Waller/Broderick & Buena Vista at No.101. Adah's Stairway.,,https://photos.app.goo.gl/v5H55tczpKE2QXqaA,,
,Buena Vista (Corona Heights),4,Buena Vista Park interior. Buena Vista East near Duboce. First of two stairways leading up to a viewpoint.,,https://photos.app.goo.gl/nmyEVzfzNDiqrKWE6,,
,Buena Vista (Corona Heights),4,Buena Vista Park interior. Buena Vista East near Duboce. Second of two stairways leading up to a viewpoint.,,https://photos.app.goo.gl/78gnmrbrps4ZHqnD7,,
,Buena Vista (Corona Heights),4,Buena Vista Park interior. Closest entrance is Buena Vista East near Duboce. Connects with one of the stairways that leads up a viewpoint.,,https://photos.app.goo.gl/sp1Pymw7Zzqj5dae7,,
,Buena Vista (Corona Heights),4,Buena Vista Park interior. Nearest entrance is Buena Vista East near Duboce. First of two stairways leading up to a viewpoint.,,https://photos.app.goo.gl/nmyEVzfzNDiqrKWE6,,
,Buena Vista (Corona Heights),4,Buena Vista Park interior. Nearest entrance is Buena Vista East near Duboce. Second of two stairways leading up to a viewpoint.,,https://photos.app.goo.gl/78gnmrbrps4ZHqnD7,,
,Buena Vista (Corona Heights),4,Buena Vista Park. First of two stairways north of dog run.,,https://photos.app.goo.gl/LV1dMZpt2qMCV8ge6,,
,Buena Vista (Corona Heights),4,Buena Vista Park. First of two stairways off paved path toward north of park.,,https://photos.app.goo.gl/KAkMSiuR8ZQbUBqN6,,
,Buena Vista (Corona Heights),4,Buena Vista Park. Second of two stairways north of dog run.,,https://photos.app.goo.gl/JdcaNTUfQpoZq25X7,,
,Buena Vista (Corona Heights),4,Buena Vista Park. Second of two stairways off paved path toward north of park.,,https://photos.app.goo.gl/ths9LsVxZChbzeEZ8,,
,Buena Vista (Corona Heights),4,Buena Vista Park. Stone steps to summit.,,https://photos.app.goo.gl/3jnjoLJNHEUbQZU87,,
,Buena Vista (Corona Heights),4,"Buena Vista West into Buena Vista Park, across from No. 555 Buena Vista West.",,https://photos.app.goo.gl/K7VJmNG7H17VsMi18,,
,Buena Vista (Corona Heights),4,"Buena Vista West. Haight/Central & Lyon, into Buena Vista Park. Lovely.",,https://photos.app.goo.gl/Q9M3b49SJ8DzThUs8,,
,Buena Vista (Corona Heights),4,"Buena Vista West. Java, into Buena Vista Park.",,https://photos.app.goo.gl/FdvNQR2KZHDRAfuy7,,
,Buena Vista (Corona Heights),4,"Corona Heights Park, to summit from Roosevelt Way entrance.",,https://photos.app.goo.gl/Da8B8nzen6kd1G1u8,,
,Buena Vista (Corona Heights),4,"Corona Heights Park, to summit. Starting from north of Randall Museum.",,https://photos.app.goo.gl/FBeJBC8rsyHy7wPSA,,
,Buena Vista (Corona Heights),4,Henry Stairway/No. 75 Roosevelt & Castro.,,https://photos.app.goo.gl/MyLoVFvdDRE3vm7p7,,
,Buena Vista (Corona Heights),3,Alpine/Waller & Duboce. Sidewalk Stairway.,,https://photos.app.goo.gl/kW9SxgG8H4GknYjWA,,
,Buena Vista (Corona Heights),3,"Buena Vista East. Park Hill Ave., into Buena Vista Park.",,https://photos.app.goo.gl/viaMDXfvCw2upsww6,,
,Buena Vista (Corona Heights),3,"Buena Vista East/Park Hill Drive & Buena Vista Terrace, into park. Across from a large house with a long fence.",,https://photos.app.goo.gl/QCZ7QBv8YCyanCxi8,,
,Buena Vista (Corona Heights),3,Buena Vista Park interior. Climb up stairway starting from BVEast Nos. 355-399 to narrow walkway and head right.,,https://photos.app.goo.gl/MtpMxGZEe1B8LaZk9,,
,Buena Vista (Corona Heights),3,Buena Vista Park interior. Closest entrance is Buena Vista East betw. Park Hill Drive & Buena Vista Terrace.,,https://photos.app.goo.gl/vLcdmG4j1dqmGB8y9,,
,Buena Vista (Corona Heights),3,Buena Vista Park. A maze of stairways: Part I,,https://photos.app.goo.gl/fpgr94VT5VZJzQxJ9,,
,Buena Vista (Corona Heights),3,Buena Vista Park. A maze of stairways: Part II,,https://photos.app.goo.gl/Li358Vyy1ueU2i4z5,,
,Buena Vista (Corona Heights),3,Buena Vista Park. Along paved path on SW side of park.,,https://photos.app.goo.gl/cvKwY3Ws4En78wug8,,
,Buena Vista (Corona Heights),3,"Buena Vista Park. Just north of the ""Window"" overlook.",,https://photos.app.goo.gl/y1UHNBzbRdPEvq17A,,
,Buena Vista (Corona Heights),3,Buena Vista Park. North of tennis courts.,,https://photos.app.goo.gl/EqJPRcBdHEqeAPfs5,,
,Buena Vista (Corona Heights),3,Buena Vista Park. NW of entrance at intersection of Buena Vista East and Buena Vista West.,,https://photos.app.goo.gl/yTrhUgJ2WGb7Ezxt7,,
,Buena Vista (Corona Heights),3,Buena Vista Park. South of tennis courts. Continues up to paved path above.,,https://photos.app.goo.gl/Hr6SfsgBTmvaRwGW8,,
,Buena Vista (Corona Heights),3,"Buena Vista West. Frederick, into Buena Vista Park.",,https://photos.app.goo.gl/e3DPhh9LGFBSUWSx9,,
,Buena Vista (Corona Heights),3,"Corona Heights Park from 15th Street entrance, into the wooded side of park.",,https://photos.app.goo.gl/uytK76SGo8LQAy3F7,,
,Buena Vista (Corona Heights),3,DeForest/Beaver & Flint.,,https://photos.app.goo.gl/7d6DFjLGhaVGCZAH6,,
,Buena Vista (Corona Heights),3,Duboce/Castro & Divisadero. Sidewalk stairway.,,https://photos.app.goo.gl/sfG7QHJo7SsafsvU8,,
,Buena Vista (Corona Heights),3,Duboce/Divisadero & Alpine. Sidewalk stairway.,,https://photos.app.goo.gl/NnJX4PgmTbCgCrkt7,,
,Buena Vista (Corona Heights),3,"Lyon & Haight, into Buena Vista Park.",,https://photos.app.goo.gl/SfWfpZzKCcYvCisf8,,
,Buena Vista (Corona Heights),2,"Buena Vista East. Across from 111, into park.",,https://photos.app.goo.gl/QV2Kp2igDpkD6QLg8,,
,Buena Vista (Corona Heights),2,"Buena Vista East. Across from 165, into park.",,https://photos.app.goo.gl/xVNTCt1jS3SV5F259,,
,Buena Vista (Corona Heights),2,"Buena Vista East. Across from 3, into park.",,https://photos.app.goo.gl/GRX4qta6aye89zzaA ,,
,Buena Vista (Corona Heights),2,"Buena Vista East. Across from 351-355, into park.",,"
https://photos.app.goo.gl/mDLyKiSkLyaVKTL47",,
,Buena Vista (Corona Heights),2,"Buena Vista East. Across from 437, into park.",,https://photos.app.goo.gl/TwkJ2pgX7tS6SYZx7,,
,Buena Vista (Corona Heights),2,"Buena Vista East. Across from 65, into park.",,https://photos.app.goo.gl/ULKU9m6iPWdJzi8a6,,
,Buena Vista (Corona Heights),2,Buena Vista Park interior. Stairway down to dog run.,,https://photos.app.goo.gl/gT9mUpf9zi9U6d9H8,,
,Buena Vista (Corona Heights),2,"Buena Vista Park. Between the ""Window"" overlook and the dog run.",,https://photos.app.goo.gl/3TTMb5mgJPTMEgAdA,,
,Buena Vista (Corona Heights),2,"Buena Vista West. Across from No. 737, into Buena Vista Park.",,https://photos.app.goo.gl/yH9GxwRLq9QN8CWE9,,
,Buena Vista (Corona Heights),2,"Buena Vista West. Across from No. 767, into Buena Vista Park.",,https://photos.app.goo.gl/4A6Go9tsFf1EBHa19,,
,Buena Vista (Corona Heights),2,"Buena Vista West. Central, into Buena Vista Park.",,https://photos.app.goo.gl/VAJdBnX3HB5uMN9K6,,
,Buena Vista (Corona Heights),2,Buena Vista West/Central & Waller.,,https://photos.app.goo.gl/UTp4GzdpfC5qoKH6A,,
,Buena Vista (Corona Heights),1,Waller/Central & Buena Vista Ave. W.,10,https://photos.app.goo.gl/uXMUZBE9xX6HPMpH8,,
,Chinatown,4,"California/opposite No. 660, into St. Mary's Square.",,https://photos.app.goo.gl/Ua2RtgWWU2pHDMCC7,,
,Chinatown,4,Grant & Bush Stairway & Chinatown Gate.,,https://photos.app.goo.gl/kM6B4yZ26QDWm8uZ9,,
,Chinatown,4,Portsmouth Square. Interior of square toward Kearny.,,https://photos.app.goo.gl/XGqvVhxYctdMBtKr6,,
,Chinatown,3,Portsmouth Square. Kearny & Clay.,,https://photos.app.goo.gl/c9avB3v6KPFSA6BS7,,
,Chinatown,3,Portsmouth Square. Kearny & Washington.,,https://photos.app.goo.gl/NvwGx9qXNC3Gdhcy6,,
,Chinatown,2,Duncombe Court.,,https://photos.app.goo.gl/Hunu2Qg11Q3PzGmW6,,
,Chinatown,2,Portsmouth Square. Clay/Kearny & Walter Lum Pl.,,https://photos.app.goo.gl/L4GoYfwX8N4xUXwc8,,
,Chinatown,2,Portsmouth Square. Walter Lum Pl./Clay & Washington.,,https://photos.app.goo.gl/Uey816WPwWSjyf1D6,,
,Chinatown,2,Portsmouth Square. Washington & Walter Lum Pl.,,https://photos.app.goo.gl/FRrfQrqNCcKELedf8,,
,Chinatown,2,St. Mary's Square. Up to children's play area and Comfort Women memorial.,6,https://photos.app.goo.gl/oN3brfAptHZLwqBZ8,,
,Chinatown,2,Vinton Court at Grant/California & Pine,,https://photos.app.goo.gl/356wjjHdX31qrBi76,,
,Cole Valley,3,"Belgrave, at end of street, to Tank Hill.",,https://photos.app.goo.gl/Ctdip4WthGjo8gP69,,
,Cole Valley,3,"Stanyan near intersection with 17th Street, into Interior Greenbelt. ",,https://photos.app.goo.gl/6ij927F5HDiX2fmH6,,
,Cole Valley,3,"Stanyan, near No.1289/Belgrave & 17th St. Stairways on both sides of street.",,https://photos.app.goo.gl/R1pLfArLeroTZT5S8,,
,Cole Valley,1,"Belgrave, near Stanyan, into the Interior Greenbelt.",,https://photos.app.goo.gl/CFpvYLPHacx1cs9G8,,
,Cole Valley,1,"Bigler Avenue at Belgrave, near Tank Hill.",,"https://photos.app.goo.gl/k2TnvxH6jEjAmTHs7
Photo by Brett Lider",,
,Crocker-Amazon,3,Curtis and Prague at their acute intersection. A curving set of stairs.,,https://photos.app.goo.gl/1WUNpfaoExFGC8xx6,,
,Diamond Heights,5,Glen Canyon Park. Coyote Crags Trail.,,https://photos.app.goo.gl/NnwvAkidfDL7NUWZA,,
,Diamond Heights,5,"Onique/No.101 Berkeley, No. 289 Berkeley, No. 400 Gold Mine & No. 243 Topaz.",,https://photos.app.goo.gl/a5cjJn45pdjZWKz87,,
,Diamond Heights,5,"Opalo Lane, across from No. 160 Gold Mine Dr./Ora & Jade.",,https://photos.app.goo.gl/k7VNv4L7hg8mSBqL9,,
,Diamond Heights,4,Coralino/No. 289 Amber to No. 92 Cameo.,,https://photos.app.goo.gl/DbmAEQu9C1MHhKFR7,,
,Diamond Heights,4,Glen Canyon Park. Crags Court Entrance.,,https://photos.app.goo.gl/9Y5rWGHLxGjHHBxE8,,
,Diamond Heights,4,Glen Canyon Park. Turquoise Way Trailhead.,,https://photos.app.goo.gl/eWDmLRrTyrBiYXme9,,
,Diamond Heights,4,"Gold Mine Drive, east of Diamond Heights Boulevard, to No. 681 28th St.",,https://photos.app.goo.gl/jNCrerEgubrBUSpG7,,
,Diamond Heights,3,Glen Canyon Park. Christopher Playground Entrance.,,https://photos.app.goo.gl/eCqp9uT9GkA4rTD87,,
,Diamond Heights,3,Safira Lane from Douglass up to Diamond Heights Blvd.,,https://photos.app.goo.gl/vfEJXdmt5xpvRiC47,,
,Diamond Heights,3,Turquoise Way between Glen Canyon Park and Amber Drive.,,https://photos.app.goo.gl/AQ4B4eCSPuFrbYvf7,,
,Diamond Heights,2,Diamond Heights Boulevard. Stairway in Safeway parking lot.,,https://photos.app.goo.gl/mJ1fKt6QX3MzzqAx8,,
,Diamond Heights,2,Glen Canyon Park. Toward north of park after a boardwalk section.,,https://photos.app.goo.gl/EH1EQq2GC2tPrqRj6,,
,Diamond Heights,2,Shopping Center to Christopher Playground.,,https://photos.app.goo.gl/1PQuqoCpTy7dyo9SA,,
,Dogpatch,3,22nd and Texas. Alongside of The Landing apartment building.,,"https://photos.app.goo.gl/TgxwqDKXryYS8gRb9 
Photo by Karen Rhodes",,
,Dogpatch,3,"End of 19th Street, near Indiana Street. Next to Dogpatch Arts Plaza.",,https://photos.app.goo.gl/KSXBznJwddrVXH2H6,,
,Dogpatch,2,Crane Cove Park. East of Illinois near 19th Street.,,https://photos.app.goo.gl/vmeeszmY7CuENHKv5,,
,Dogpatch,2,Minnesota / 23rd and 24th Street: Minnesota Grove,4,https://photos.app.goo.gl/MLf7mWdyG4RcqeNv5,,
,Dogpatch,1,24th and Minnesota: Minnesota Grove,2,https://photos.app.goo.gl/ViZcurQe59KVTxjTA,,
,Dogpatch,1,Progress Park. Indiana/23rd & 25th. Steps to bocce court.,3,https://photos.app.goo.gl/6yp6Xk4YifA4u69MA,,
,Dogpatch,1,Tennessee/between nos. 1108-1116. Few small stairways.,,https://photos.app.goo.gl/HWhzihMghZ8nf1WU9,,
,Dolores Heights,5,20th St. & Noe.,,https://photos.app.goo.gl/3HkRBRN3WKcEs9fR8,,
,Dolores Heights,5,20th St. & Sanchez.,,https://photos.app.goo.gl/2HPFMLiDUiMXGrs17,,
,Dolores Heights,5,Cumberland/Noe No. 670 & Sanchez. Longer and more impressive than the photo indicates.,,https://photos.app.goo.gl/WH8MXKq5xcfHYcLQ9 (bigger than it looks here),,
,Dolores Heights,5,Liberty/Noe & Rayburn.,,https://photos.app.goo.gl/papTWnW4hsMe7iaTA,,
,Dolores Heights,5,Sanchez/Liberty & 21st St.,,https://photos.app.goo.gl/mLK1APrXe4qbCicK9,,
,Dolores Heights,4,"22nd St./Castro & Collingwood and Diamond and Collingwood. ""Jungle Stairs.""",,https://photos.app.goo.gl/1pHwD8wX2Ai8aXjs8 and https://photos.app.goo.gl/RRbVFmUpAibGzUiG8,,
,Dolores Heights,4,22nd St./Church & Vicksburg. Sidewalk stairway on both sides of the street.,,https://photos.app.goo.gl/L3dkPrxi7zEsYu8Q9,,
,Dolores Heights,4,Cumberland/Sanchez & Church,,https://photos.app.goo.gl/7yyU1ERLoP4M11TB6,,
,Dolores Heights,4,Liberty/Sanchez & Church.,,https://photos.app.goo.gl/uDCzTaJKsKjqZb796,,
,Dolores Heights,4,Sanchez/19th St. & Cumberland.,,https://photos.app.goo.gl/yMV9dqo1SZALkBUK7,,
,Dolores Heights,3,21st St./Castro & Collingwood. Sidewalk stairway and going down to street.,,https://photos.app.goo.gl/g2F3o8Bf7YGwEmDw8,,
,Dolores Heights,3,Collingwood/20th & 21st. Sidewalk stairway on both sides of the street. ,,https://photos.app.goo.gl/zPwyBBCGyhagZ9ww9,,
,Dolores Heights,3,"Dolores Park, Dolores and 19th.",,https://photos.app.goo.gl/g54ALJ1mHavKiRps6,,
,Dolores Heights,3,"Dolores Park. 19th St./Church & Dolores Park, over MUNI Metro tracks.",,https://photos.app.goo.gl/JRrvwj7ZVRSGuFZ49,,
,Dolores Heights,3,Liberty across from #342/Sanchez & Church.,,https://photos.app.goo.gl/yt3vuy3AKpvaYwFm7,,
,Dolores Heights,3,Liberty near #366/Sanchez & Church.,,https://photos.app.goo.gl/yj1FT2pK6dKqRSmJ6,,
,Dolores Heights,2,18th/Dolores & Church,,https://photos.app.goo.gl/PLVL3LDE2qCrx5YSA,,
,Dolores Heights,2,Cumberland/Church & Dolores Park.,,https://photos.app.goo.gl/xrwDnSZMx5vMn8gC7,,
,Dolores Heights,2,Hancock/Church & Dolores Park.,,https://photos.app.goo.gl/u1Jxv5hyDXcB85wk6,,
,Dolores Heights,2,Sanchez/Cumberland & Sanchez Stairway,,https://photos.app.goo.gl/QZGVecUmW9kcWqkt6,,
,Dolores Heights,2,Upper and Lower Sanchez between #725 and #720.,,https://photos.app.goo.gl/JWg9n8Hdd8FSSkqt8,,
,Downtown,4,"Union Square. Powell & Geary, into square.",,https://photos.app.goo.gl/z523kXdiUDop4wki9,,
,Downtown,4,"Union Square. Stockton & Geary, into square.",,https://photos.app.goo.gl/ysQqD4AUU1DNha8VA,,
,Downtown,3,Union Square. Across from Maiden Lane.,,https://photos.app.goo.gl/TVfki72J1c6CNoc67,,
,Downtown,3,Union Square. Number of stairways north of Dewey Monument.,,https://photos.app.goo.gl/GXcPsv3yZJpZSU8c6,,
,Downtown,3,Union Square. Number of stairways south of Dewey Monument.,,https://photos.app.goo.gl/B2jcWCAC7orSc6Nj7,,
,Downtown,3,"Union Square. Powell & Post, into square.",,https://photos.app.goo.gl/effCNjdxpKHqzjB3A,,
,Downtown,3,"Union Square. Stockton & Post, into square.",,https://photos.app.goo.gl/5Nydshp7umYsyHyU6,,
,Downtown,3,Union Square. Up from corner of Stockton & Geary.,,https://photos.app.goo.gl/bM2SNiNHf3XWexQe7,,
,Downtown,2,Bush/Stockton & Grant. In front of Sutter Stockton Garage.,,https://photos.app.goo.gl/ibahfns5ZTEARMST8,,
,Downtown,2,Geary/Powell & Stockton. Into Union Square.,,https://photos.app.goo.gl/nyq3UyHed2XHsXNfA,,
,Downtown,2,"Market Street/Sutter, Sansome, and Battery. Old E-Trade Plaza.",,https://photos.app.goo.gl/gvvctnotFTT5BtpU8,,
,Downtown,2,Post/Powell & Stockton. Two stairways into Union Square.,,https://photos.app.goo.gl/pgtzZhWd1ES9xTba7,,
,Downtown,2,Stockton Tunnel south. Stockton & Bush. Two stairways at corners.,,https://photos.app.goo.gl/ZuFwPNgY4VuVeTCy6,,
,Downtown,2,Stockton Tunnel north. Stockton near Sacramento. Both sides of street.,,https://photos.app.goo.gl/t3YtfZah4PKQ8Txm6,,
,Duboce Triangle,2,"14th, Church, and Market Street. Into shopping center.",,https://photos.app.goo.gl/rfnaxfYBx3CV2NJu9,,
,Duboce Triangle,2,Carmelita Street at end into Duboce Park.,,https://photos.app.goo.gl/JDLqmtWUWP3XnCZp6,,
,Duboce Triangle,2,Duboce Park. Just south of Harvey Milk Center.,,https://photos.app.goo.gl/34CnjHnSwsMmE81f6,,
,Duboce Triangle,2,Pierce Street at end into Duboce Park.,,https://photos.app.goo.gl/r9jgJZr7hVnHi3aXA,,
,Duboce Triangle,1,Duboce Ave. down to shopping center.,,https://photos.app.goo.gl/15PPqsYesUEvja4f6,,
,Edgehill,5,Pacheco/Merced & Vasquez.,,https://photos.app.goo.gl/XPAURfxcE2PGrVYD7,,
,Edgehill,3,Dorchester to Kensington. Crosses Allston & Granville.,,https://photos.app.goo.gl/HJZB5oHD3PiHRULKA,,
,Edgehill,3,Ulloa/Kensington & Waithman. Number of stairways along street down to sidewalk.,,https://photos.app.goo.gl/bCPhicypoHnaRZoS6,,
,Edgehill,3,West Portal Branch Library from Lenox Way.,,https://photos.app.goo.gl/pnk2p18B2qmPrjXg9,,
,Edgehill,2,"Garcia/Edgehill Way & ldora, connecting Upper and Lower Garcia.",,https://photos.app.goo.gl/NMJN7geZqbXRX4jk8,,
,Edgehill,2,"Garcia/Vasquez & Edgehill Way, connecting Upper and Lower Garcia",,https://photos.app.goo.gl/rdydGSAMWue2WBwR8,,
,Edgehill,2,"Idora/Garcia & Laguna Honda, connecting Upper and Lower ldora.",,https://photos.app.goo.gl/NmrH1WWeL6mTeq58A,,
,Edgehill,2,Ulloa at Waithman.,,https://photos.app.goo.gl/SDxEKu6ATkPWWuti8,,
,Edgehill,1,"Lennox, opposite No. 146., into West Portal Recreation Center",,https://photos.app.goo.gl/nxjQHe3V1chywDtm6,,
,Embarcadero,5,Commercial/Battery & Embarcadero 1.,,https://photos.app.goo.gl/Cgak2QbaAnAdJFgaA and https://photos.app.goo.gl/JzuNFboYNrBwofYU8,,
,Embarcadero,4,Embarcadero Center. Skybridge between Embarcadero 1 and 2.,,https://photos.app.goo.gl/LDkwHWYF7dwH3rKU8,,
,Embarcadero,4,Embarcadero Center. Skybridge between Embarcadero 3 and 4.,,https://photos.app.goo.gl/XjjB4pAYNLWnBMDs7,,
,Embarcadero,4,Embarcadero Center. Stairways on either side of skybridge between Embarcadero 2 and 3.,,https://photos.app.goo.gl/JzuNFboYNrBwofYU8,,
,Embarcadero,3,Clay (north side)/Battery & Front. Just west of One Maritime Plaza and into Maritime Plaza.,,https://photos.app.goo.gl/sKV9kADWsqJywmnX6,,
,Embarcadero,3,Clay (north side)/Front & Davis. Just east of One Maritime Plaza and into Maritime Plaza.,,https://photos.app.goo.gl/gQdSGJdAZniqb4uK6,,
,Embarcadero,3,Embarcadero Center. Embarcadero Plaza up to Embarcadero 4.,,https://photos.app.goo.gl/9Rf1fPskL3ggE6EJ6,,
,Embarcadero,3,Embarcadero Center. Skybridge between Embarcadero 1 and 2. Front/Clay & Sacramento.,,https://photos.app.goo.gl/LDkwHWYF7dwH3rKU8,,
,Embarcadero,3,Embarcadero Plaza. Multiple stairways throughout plaza.,,https://photos.app.goo.gl/32kXRFbaWGKG6qnQ7,,
,Embarcadero,3,Ironship Plaza East. Near Drumm & Washington.,,https://photos.app.goo.gl/pBZKWkdRnbUjkLeT8,,
,Embarcadero,3,Ironship Plaza West near Davis & Washington.,,,,
,Embarcadero,3,Washington (north side)/Battery and Davis. To elevated walkway.,,https://photos.app.goo.gl/bD3XceuPMvRNodFw5,,
,Embarcadero,3,"Washington (south side)/Battery & Davis. East of 301 Washington St. parking garage.
",,https://photos.app.goo.gl/xXMAHft9pmZjGjjHA,,
,Embarcadero,3,"Washington (south side)/Battery & Davis. West of 301 Washington St. parking garage.
",,https://photos.app.goo.gl/habqLHtjRTXVb971A,,
,Embarcadero,3,Washington/Battery and Davis. North side to Hinckley Walk.,,https://photos.app.goo.gl/wLtfF8Tbj4bUtPf26,,
,Embarcadero,2,Embarcadero Plaza. Don Chee Way/Steuart St. & The Embarcadero.,,https://photos.app.goo.gl/6ijaFfFYhF12jdeA9,,
,Embarcadero,2,"Embarcadero Plaza. Market Street/Steuart & The Embarcadero. North stairway,",,https://photos.app.goo.gl/sp9Y6vvZZSVK8akk8,,
,Embarcadero,2,"Embarcadero Plaza. Market Street/Steuart & The Embarcadero. South stairway,",,https://photos.app.goo.gl/aDYsLRVUn6KHa6Ub6,,
,Embarcadero,2,Ferry Building at North End Plaza.,,https://photos.app.goo.gl/Q7EPnozyPwKYy7fx6,,
,Embarcadero,2,Harry Bridges Plaza. The Embarcadero/Ferry Plaza & Washington Street.,,https://photos.app.goo.gl/o8Dx5GJxR939RZB67,,
,Embarcadero,2,Jackson/Front & Davis. In Sydney G. Walton Square.,,https://photos.app.goo.gl/N5LbaYnSCPizxkmc6,,
,Embarcadero,2,The Embarcadero/Mission & Howard. Up to Gate G.,,https://photos.app.goo.gl/bdox5i2Z7mg7AXUb6,,
,Embarcadero,1,Clay St. at East End/Sue Bierman Park & Four Embarcadero Center.,,https://photos.app.goo.gl/SYo5595QCJvDZ69k6,,
,Embarcadero,1,Embarcadero Plaza Bocce Ball Courts. In the middle of the Embarcadero/Don Chee Way/Steuart Street. Two small stairways.,,https://photos.app.goo.gl/psd9uuUb8YxevcLS9,,
,Eureka Valley,4,Douglass at Corwin.,,https://photos.app.goo.gl/6sZW2B62ZsGrHgML7,,
,Eureka Valley,4,Douglass/20th St. & Corwin.,,https://photos.app.goo.gl/QtUvQUHkXqejMN1G9,,
,Eureka Valley,4,Short/Market & Yukon.,,https://photos.app.goo.gl/9WmzreMMEBSeLaWb9,,
,Eureka Valley,3,Acme Alley/Corwin No. 95 & Grand View. Only accessed from Grand View.,,https://photos.app.goo.gl/wm2hHjzsEoDzKxyZ6,,
,Eureka Valley,3,Douglass at No. 414/Corwin & Romain.,,https://photos.app.goo.gl/jNJRBvPWXWRsVzXL6,,
,Eureka Valley,3,Douglass at Romain.,,https://photos.app.goo.gl/HNbqM6fbeceS1Xad8,,
,Eureka Valley,3,Grand View to Stanton at Market.,,https://photos.app.goo.gl/UougKQhXF1MHdta36,,
,Eureka Valley,3,https://photos.app.goo.gl/5VyLnTyCupKLxSvp7,,https://photos.app.goo.gl/5VyLnTyCupKLxSvp7,,
,Eureka Valley,3,"Mono/Market & Eagle, with a ramp to Caselli.",,https://photos.app.goo.gl/tcZAQq7BJDnEeamu5,,
,Eureka Valley,3,Seward at Douglass & No. 31 Seward.,,https://photos.app.goo.gl/49AyoRKCY6cDVWyH9,,
,Eureka Valley,3,Yukon/Eagle & Short. Into Kite Hill.,,https://photos.app.goo.gl/MjT7pTS9XUFri4m37,,
,Eureka Valley,2,Acme Alley in Seward Mini Park.,,https://photos.app.goo.gl/C2cdNHVwnroWixNz6,,
,Eureka Valley,2,Corwin Community Garden.,,https://photos.app.goo.gl/cgVFAiRqgdkeRD9L9,,
,Eureka Valley,2,Dixie/No. 3801 Market & No. 285 Grand View near Alvarado.,,https://photos.app.goo.gl/VM3HgVSp7REN1MVt5,,
,Eureka Valley,2,"Grand View to Market, near Grand View Terrace.",,https://photos.app.goo.gl/JxedUcWT397rQggN9,,
,Eureka Valley,2,Prosper/16th St. & Pond.,,https://photos.app.goo.gl/eqdknv1u4hK7mJ6e8,,
,Eureka Valley,2,Seward across from No. 25 up to sidewalk.,,https://photos.app.goo.gl/95HJwPvpUurPY6w58,,
,Eureka Valley,2,Seward at No. 30. Into Seward Mini Park.,,https://photos.app.goo.gl/C55DH2RytMTTyGL4A,,
,Eureka Valley,1,"Douglass at 24th St., into Noe Valley Children's Playground.",,https://photos.app.goo.gl/5LYD7QVNse59phsS7,,
,Excelsior (McLaren Park),5,Athens/Avalon & Valmar Terrace. Mosaic!,,https://photos.app.goo.gl/5jBzn3sNwLomFH5Z6,,
,Excelsior (McLaren Park),4,Kenny Alley at No. 646 London to Mission. Mosaic!,,https://photos.app.goo.gl/QAi5vTEvhjxaj7ZPA,,
,Excelsior (McLaren Park),4,McLaren Park. Between Ervine at Wilde and Visitacion and Mansell.,,https://photos.app.goo.gl/6su9xM6HwbkoxQMo9,,
,Excelsior (McLaren Park),4,Munich/Ina & Excelsior.,,https://photos.app.goo.gl/FamX87jMdnjGMCC68,,
,Excelsior (McLaren Park),4,Peru/Athens & Valmar.,,https://photos.app.goo.gl/3B18YztkbQq9aJocA,,
,Excelsior (McLaren Park),3,"Crocker-Amazon Park. Prague, near Russia, into park.",,https://photos.app.goo.gl/dg2E1c4dbtQjSsgaA,,
,Excelsior (McLaren Park),3,"McLaren Park. Brookdale/Geneva & Blythdale, into park.",,https://photos.app.goo.gl/Kq1P9eLWJBNFwTWPA,,
,Excelsior (McLaren Park),3,McLaren Park. Near LaGrande & Brazil entrance. Parallel to Brazil Street.,,https://photos.app.goo.gl/dju6VR3WAM7FNUJr8,,
,Excelsior (McLaren Park),3,Sunglow Lane/Gladstone & Silver at Oxford.,,https://photos.app.goo.gl/bW6W9g55uZvSb8zAA,,
,Excelsior (McLaren Park),2,"Crocker-Amazon Park. Geneva, opposite No. 1572, into park.",,https://photos.app.goo.gl/bBubGLbK9GDMRfF28,,
,Excelsior (McLaren Park),2,Crocker-Amazon Playground Skate Park to McLaren Park.,,https://photos.app.goo.gl/AJG1HVMxhXiG6ZLf9,,
,Excelsior (McLaren Park),2,Excelsior Playground.,,https://photos.app.goo.gl/KpXa1zwxnDDb9AUe6,,
,Excelsior (McLaren Park),2,"McLaren Park. Excelsior at No. 1021, near Munich, into park.",,https://photos.app.goo.gl/L3GGuzScQVNboFwu7,,
,Excelsior (McLaren Park),2,McLaren Park. Just north of basketball courts by LaGrande Ave.,,https://photos.app.goo.gl/KhGAVw1rTYeYbE1k9,,
,Excelsior (McLaren Park),2,"McLaren Park. LaGrande & Brazil, into park.",,https://photos.app.goo.gl/o4TzeZ1JrwFcSeQ66,,
,Excelsior (McLaren Park),2,McLaren Park. On the path/Lake McNab & Shelley Dr.,,https://photos.app.goo.gl/Rs4sFfTSZxsfE1ng7,,
,Excelsior (McLaren Park),2,"McLaren Park. Prague at Excelsior, into park.",,https://photos.app.goo.gl/UEgQkaSUn1PZrmLZ9,,
,Excelsior (McLaren Park),2,McLaren Park. Shelley Drive down to Upper Reservoir.,,https://photos.app.goo.gl/Y68FGHEw4hsWpaEk9,,
,Excelsior (McLaren Park),2,"McLaren Park. University at Woolsey, into park.",,https://photos.app.goo.gl/swTjauo9DHPKvhT29,,
,Excelsior (McLaren Park),2,"McLaren Park. Visitacion near Mansell, into park.",,https://photos.app.goo.gl/XnfRBD51VVhXVBAb6,,
,Excelsior (McLaren Park),2,"McLaren Park. Yale, into park.",,https://photos.app.goo.gl/nfPyqR8Qk7wGYwEo8,,
,Excelsior (McLaren Park),2,Redwood Playground Picnic Area,,https://photos.app.goo.gl/csVDFHsw4vpze1ff9,,
,Excelsior (McLaren Park),1,Across from McLaren Upper Reservoir,,https://photos.app.goo.gl/2HPyeMPeMULXEnLV8,,
,Excelsior (McLaren Park),1,Crocker Amazon Park soccer field restrooms.,,https://photos.app.goo.gl/1XXuXPDUxDkWEV2w8,,
,Excelsior (McLaren Park),1,Crocker Amazon Park soccer fields east side.,,https://photos.app.goo.gl/czPKWS5y9JQKBwMZA,,
,Excelsior (McLaren Park),1,Lisbon/Russia & France. Many small stairways from street to sidewalk.,,https://photos.app.goo.gl/CZZMCoUDd1PoUXPD8,,
,Fillmore District,2,Jefferson Square Park. East of intersection of Golden Gate and Octavia.,18,https://photos.app.goo.gl/iva3wwweNfHvBCHw6,,
,Fillmore District,2,Jefferson Square Park. Intersection of Golden Gate and Octavia.,10,https://photos.app.goo.gl/hk37poeZesaEKia9A,,
,Fillmore District,2,Jefferson Square Park. Near intersection of Gough and Eddy.,,https://photos.app.goo.gl/DUT7sjH4tqTUbXLh9,,
,Fillmore District,2,Jefferson Square Park. Three stairways in north central section of park and between Laguna & Gough.,,https://photos.app.goo.gl/LzKbbMGyGnx8gzvK9,,
,Fillmore District,1,Jefferson Square Park. South of the playrground.,3,https://photos.app.goo.gl/tbUvZ9HVtoNnueKS8,,
,Fillmore District,1,Jefferson Square Park. Stairways on either side of the baseball diamond.,,https://photos.app.goo.gl/BeNLZQNNBAERJvag7,,
,Fillmore District,1,Jefferson Square Park. Turk. Midway between Laguna and Gough.,,https://photos.app.goo.gl/28pJvtdvdip3QHWj9,,
,Financial District,2,Embarcadero leading up to Pier 7,,https://photos.app.goo.gl/LXwT7oyp5n8cQFf57,,
,Fisherman's Wharf,3,Ghiradelli Square. Beach and Columbus.,,https://photos.app.goo.gl/GP6j8Xxj54S2xVQ38,,
,Fisherman's Wharf,1,Jefferson / Jones & Leavenworth. Few stairways along the block.,,https://photos.app.goo.gl/gS9Q6TYfsLuXnPpo9                                                ,,
,Forest Hill,5,8th Ave. at No. 1998 to No. 20 Ventura.,,https://photos.app.goo.gl/4ggL81Y9roEeRUcZ9,,
,Forest Hill,5,Montalvo at No. 376/Castenada & San Marcos,,https://photos.app.goo.gl/gs9kMMx8VwgFeeFZ9,,
,Forest Hill,5,Montalvo/9th Avenue to Mendosa,,https://photos.app.goo.gl/jrtajEeHqP83H1ac8,,
,Forest Hill,5,Montalvo/San Marcos to 9th Ave.,,https://photos.app.goo.gl/MLbkB4KsZGUKPBmi7,,
,Forest Hill,5,Pacheco/Magellan & No. 249 Castenada.,,https://photos.app.goo.gl/Y6mJDZpppH8VdqAE8,,
,Forest Hill,5,Santa Rita at No. 60 to Upper and Lower San Marcos.,,https://photos.app.goo.gl/vcoBn9s6HUn8DDTK7,,
,Forest Hill,4,"Alton/Lower Pacheco to No. 399 Upper Pacheco, continuing to No. 60 Sotelo.",,https://photos.app.goo.gl/N4v4vh4h7tX6aycr9,,
,Forest Hill,4,Alton/No. 60 Ventura to No. 70 Alton & No. 400 Lower Pacheco,,https://photos.app.goo.gl/EkDAJMgKmQ8RenbUA,,
,Forest Hill,4,Castenada at No. 140 to Pacheco at No. 334.,,https://photos.app.goo.gl/SZqXuEt3UkmYbLdCA,,
,Forest Hill,3,Funston & Santiago.,,https://photos.app.goo.gl/XNVG3BSYsezVD5vm9,,
,Forest Hill,3,Murphy Playground/8th Ave. entrance.,,https://photos.app.goo.gl/ztFBmEhegSD3A7ya9,,
,Forest Hill,3,Santa Rita & San Marcos,,https://photos.app.goo.gl/YrXTjYLHjbGjdKbD8,,
,Forest Hill,2,12th Ave. (at end) to Dorantes.,,https://photos.app.goo.gl/6eS8W9zvhX2FaNFu7,,
,Forest Hill,2,"Castenada, opposite No. 249.",,https://photos.app.goo.gl/6soarwgXbja2gvMZ7,,
,Forest Hill,2,Dorantes & Magellan.,,https://photos.app.goo.gl/om38gLHmaP8GDqfR7,,
,Forest Hill,2,Dorantes & San Marcos.,,https://photos.app.goo.gl/VuD4cnzzJQRGuBr18,,
,Forest Hill,2,"Forest Hill MUNI Metro Station, to Magellan.",,https://photos.app.goo.gl/ezktPpd7ACM33YDw6,,
,Forest Hill,2,"Forest Hill MUNI Metro Station, up to front entrance.",,https://photos.app.goo.gl/BYxJZ28giww7ykoTA,,
,Forest Hill,2,Magellan/Dorantes & Montalvo. Multiple small stairways on the block.,,https://photos.app.goo.gl/isJuQKsf53hYkLraA,,
,Forest Hill,2,Murphy Playground near 9th Ave. entrance.,,https://photos.app.goo.gl/omiAVmoVtg2J5kc79,,
,Forest Hill,2,Pacheco & 9th Ave. Next to Forest Hill Lamp Post. Two Steps.,,https://photos.app.goo.gl/hS4SXHVtyTEQXjTKA,,
,Forest Hill,2,Pacheco & Magellan,,https://photos.app.goo.gl/rDS1T3dzNLJdXtMh7,,
,Forest Hill,2,Pacheco-Upper Pacheco at No. 364 to Lower Pacheco.,,https://photos.app.goo.gl/tbdqsPsjTyqVmSJX6,,
,Forest Knolls,5,Oakhurst Lane/Warren & Crestmont.,,https://photos.app.goo.gl/grVuMFcXeq5Zm7Hg9,,
,Forest Knolls,4,Ashwood Lane/Clarendon & Warren at No. 101.,,https://photos.app.goo.gl/vDNUVLQqprsqBFRVA,,
,Forest Knolls,4,Blairwood Lane/No. 113 Warren & No. 95 & No. 101 Crestmont.,,https://photos.app.goo.gl/pHjGKPc1maX4mD1x9,,
,Forest Knolls,4,Glenhaven Lane/Oak Park & No. 191 Christopher.,,https://photos.app.goo.gl/Rx3SpSnY3Myn1ETe9,,
,Forest Knolls,2,"Clarendon Trail, just off Clarendon Avenue. Few steps.",,ttps://photos.app.goo.gl/C41SCp3BfFWknXSq9,,
,Forest Knolls,2,"Forest Knolls Stairway at No. 191 Forest Knolls Drive, in cul-de-sac, down to school playground.",,https://photos.app.goo.gl/1WpKypZaEHsvKU367,,
,Fort Funston,4,"Horsetail Stairway, left of parking lot.",,https://photos.app.goo.gl/RjXDQJ3d8LU9T8Mn7,,
,Fort Funston,2,"John Muir Drive at Skyline, on path to Fort Funston.",,https://photos.app.goo.gl/9HNyEgCS5ZQRSNbD9,,
,Fort Mason,4,Aquatic Park Bleachers. In park between Larkin & Polk.,,https://photos.app.goo.gl/rcNaWJst32F3Eaiy6,,
,Fort Mason,3,Aquatic Park west bleachers. Just west of Maritime Museum.,,https://photos.app.goo.gl/m3vfemMUWqfUjwEH6,,
,Fort Mason,3,Aquatic Park. West of Maritime Museum area bleachers.,,https://photos.app.goo.gl/bz66oQfWMweEjY298,,
,Fort Mason,3,Fort Mason. Black Point Battery to top of wall.,,https://photos.app.goo.gl/mS3o9q831r9n8enXA,,
,Fort Mason,3,Fort Mason. Black Point Gunnery behind San Francisco International Youth Hostel.,,https://photos.app.goo.gl/WhdQ5wDXBbRUntYC7,,
,Fort Mason,3,Fort Mason. Downhill from Black Point Battery.,,https://photos.app.goo.gl/5dLVMzgnbzgs5jFH9,,
,Fort Mason,3,Fort Mason. End of Franklin to Black Point Battery & picnic area. Number of short stairways.,,https://photos.app.goo.gl/iZrNaNAzKuS9sVpCA,,
,Fort Mason,3,Fort Mason. Great Meadow & Building E at Pier 3.,,https://photos.app.goo.gl/iLfumCCKVKHwSYsz7,,
,Fort Mason,3,Fort Mason. Great Meadow & San Francisco International Youth Center near Bufano Peace sculpture.,,https://photos.app.goo.gl/oyVKNtoyx2jBseC28,,
,Fort Mason,2,Aquatic Park Promenade & Upper Railroad-Tie Walkway/Hyde & Van Ness.,,https://photos.app.goo.gl/rL2VWdnaxTZksMnL6,,
,Fort Mason,2,"Beach/Hyde & Larkin, into Maritime Park",,https://photos.app.goo.gl/r4xPTAcLdaBtMtD79,,
,Fort Mason,2,"Hyde/Jefferson & Beach, into Maritime Park.",,https://photos.app.goo.gl/jWfwwSrvx1FotVXe6,,
,Fort Mason,2,Maritime Museum Parking to lookout above bleachers.,,https://photos.app.goo.gl/X9UdrF7GrCSGckQZ8,,
,Fort Mason,1,Fort Mason. Franklin Street up to MacArthur Ave.,5,https://photos.app.goo.gl/6ZCwHZq2peyTRQfz5,,
,Fort Winfield Scott,5,Batteries to Bluffs/Langdon & Marshall Beach & Baker Beach. ,,https://photos.app.goo.gl/tLQJUH6wE2gAafS36,,
,Fort Winfield Scott,5,Wool Court & Upton intersection and down to tennis courts.,,https://photos.app.goo.gl/hQV3m11HQiRZFxbNA,,
,Fort Winfield Scott,4,End of Dragonfly Creek,,https://photos.app.goo.gl/Di8D76h4ms5msEo56,,
,Fort Winfield Scott,4,"Kobbe, opposite No. 1324 to tennis practice area.",,https://photos.app.goo.gl/dKuY8VJDznnRnxC47,,
,Fort Winfield Scott,4,"Kobbe, opposite No. 1328 to tennis courts.",,https://photos.app.goo.gl/YLPzazf26Hht9MVY9,,
,Fort Winfield Scott,4,"Kobbe, opposite No. 1330, at parking area to recreation hall.",,https://photos.app.goo.gl/ki79vTkjLqqg5PtA6,,
,Fort Winfield Scott,4,"Wool Court & Upton, opposite No. 1337 Pope sign to tennis courts parking lot.",,https://photos.app.goo.gl/joyaLKWnibVZMygE8,,
,Fort Winfield Scott,3,Fort Scott Community Garden,,https://photos.app.goo.gl/2mi7EYGkxnvzaZW9A,,
,Fort Winfield Scott,3,"Native Plant Garden, to upper nursery.",,https://photos.app.goo.gl/cGFwrycVMk7h3Xsn7,,
,Fort Winfield Scott,2,Rod Road. Few stairways along the block.,,https://photos.app.goo.gl/Gq9DPnnZhAqaUJ8a6,,
,Fort Winfield Scott,2,Ruckman/Appleton & Ralston. Two stairways by baseball field.,,https://photos.app.goo.gl/VfFx3JRMzFq3kBMw5,,
,Fort Winfield Scott,2,Tennis courts: Multiple stairways into and around.,,,,
,Fort Winfield Scott,1,Native Plant Garden. Few steps off Appleton St. Photo by Brett Lider.,,https://photos.app.goo.gl/7C4B6MNkZFSM1M6g7,,
,Glen Park,5,Glen Canyon Park. Christopher Playground Entrance.,,https://photos.app.goo.gl/eCqp9uT9GkA4rTD87,,
,Glen Park,5,Glen Canyon Park. Glen Canyon Boulders.,,https://photos.app.goo.gl/z2hAGXDr79is3AfD8,,
,Glen Park,5,Glen Canyon Park. Trail between Gum Tree Girls and Coyote Crags Trails. Number of stair sections.,,https://photos.app.goo.gl/C2ECYu7iXLQnfz2B7,,
,Glen Park,5,Harry Stairway at No. 190 Beacon to Laidley.,,https://photos.app.goo.gl/WmoXLaRXm1NFzKfV8,,
,Glen Park,4,Glen Canyon Park. Crags Court Entrance.,,https://photos.app.goo.gl/9Y5rWGHLxGjHHBxE8,,
,Glen Park,3,"Amatista Lane/Bemis, near Miguel to Everson.",,https://photos.app.goo.gl/eErEAUax163gLvVc9,,
,Glen Park,3,Beacon Trail between Walter Haas Playground and Billy Goat Hill.,,https://photos.app.goo.gl/sMN9b3Sed5RQhMPx8,,
,Glen Park,3,Billy Goat Hill.,,https://photos.app.goo.gl/s2xmv3HdqFckixvf8,,
,Glen Park,3,Glen Canyon Park. Alongside tennis courts.,,https://photos.app.goo.gl/k5WwqVwDZPCUCDK38,,
,Glen Park,3,Glen Canyon Park. Coyote Crags Trail.,,https://photos.app.goo.gl/yiG4gRZ5um8LW7qq8,,
,Glen Park,3,"Glen Canyon Park. Elk at Sussex, into park.",,https://photos.app.goo.gl/j1UeVrwSkMBnAXTj6,,
,Glen Park,3,"Glen Canyon Park. From Portola and around Ruth Asawa School, into the canyon.",,https://photos.app.goo.gl/ijcXFGM3Yauf8PeF6,,
,Glen Park,3,Glen Canyon Park. Up to tennis courts.,,https://photos.app.goo.gl/CTQzVK88H8JaYdxU8,,
,Glen Park,3,Hamerton/Bosworth & Mangels.,,https://photos.app.goo.gl/vEj1qtVLm3tPbPoD9,,
,Glen Park,2,"Bemis, Nos. 130 & 134 at Mateo.",,https://photos.app.goo.gl/qGpQnWpjy1e6KEQT6,,
,Glen Park,2,"Burnside at Bosworth, across from No. 1035 Bosworth.",,https://photos.app.goo.gl/pyh3SJGbhBD51Mrw8,,
,Glen Park,2,"Chilton at Bosworth, across from No. 907 Bosworth.",,https://photos.app.goo.gl/8qNMDEJcx5x1vNq88,,
,Glen Park,2,Diamond & Moffit. Curvy small sidewalk stairway.,,https://photos.app.goo.gl/frpDPXMwmozjPvhP6,,
,Glen Park,2,"Diamond Heights Blvd. & No. 5411, into Walter Haas Park.",,https://photos.app.goo.gl/iojnzMKzbVU5qJWe8,,
,Glen Park,2,"Glen Canyon Park. Bosworth across from no. 1231, into park.",,https://photos.app.goo.gl/jqFMUPWQVqYxYozT6,,
,Glen Park,2,Glen Canyon Park. Toward north of park after a boardwalk section.,,https://photos.app.goo.gl/EH1EQq2GC2tPrqRj6,,
,Glen Park,2,"Glen Park Village Garden. Diamond at No. 2783, into garden.",,https://photos.app.goo.gl/VBiCphw5Di19byvA6,,
,Glen Park,2,Penny Lane to Surrey/Diamond & Castro. Penny Lane is a dirt road!,,https://photos.app.goo.gl/mt54iMZ8gXTxGo1RA,,
,Glen Park,2,St. Mary's/San Jose & Arlington at No. 439.,,https://photos.app.goo.gl/bxuRWjjcHsDQMKc98,,
,Glen Park,1,Chenery at Carrie. One side of a right-of-way that leads you to Glen Park Village Garden.,,https://photos.app.goo.gl/ohv4TKttus7t4Xt67,,
,Glen Park,1,Glen Canyon Park. At west side of recreation center.,,https://photos.app.goo.gl/GPFXJwo2FisgcKUt5,,
,Glen Park,1,Glen Canyon Park. Up to recreation center restrooms.,,https://photos.app.goo.gl/8sziS64WVRX3ixhH6,,
,Glen Park,1,Miguel/Laidley & Whitney. Two sets of two steps.,,https://photos.app.goo.gl/g3ZoyApbs3SU3iWTA,,
,Glen Park,1,Roanoke/San Jose & Arlington.,,https://photos.app.goo.gl/LskSQjRqvtDmQwbC7,,
,Golden Gate Heights,5,16th Ave./Kirkham & Lawton. The Hidden Garden Mosaic Steps.,,https://photos.app.goo.gl/JGfukM9d32U1Rphr9,,
,Golden Gate Heights,5,"Cascade Walk/Ortega, Pacheco, & Funston.",,https://photos.app.goo.gl/hMccgSZebskBDLqEA,,
,Golden Gate Heights,5,Moraga/15th & 16th Aves. 16th Avenue Tiled Steps. (Mosaic!),,https://photos.app.goo.gl/qEteTKrLVbwaSh7m9,,
,Golden Gate Heights,5,Moraga/Funston & 14th Ave.,,https://photos.app.goo.gl/SSMNv65CJgQLCFsq7,,
,Golden Gate Heights,5,Selma Way/No. 477 Noriega & No. 564 Ortega.,,https://photos.app.goo.gl/gXSUYuzoTcZdvAaw9,,
,Golden Gate Heights,4,15th Ave./Kirkham & Lawton.,,https://photos.app.goo.gl/8k9Zb2su6Y49VxyV6,,
,Golden Gate Heights,4,Aerial Way/14th Ave. & Funston.,,https://photos.app.goo.gl/uq5a7fzRSDPH4TY87,,
,Golden Gate Heights,4,"Golden Gate Heights Park. Rockridge Drive near Funston and 12th Ave., into park to tennis courts.",,https://photos.app.goo.gl/CZPZoaFyzm8qxTgf6,,
,Golden Gate Heights,4,Grand View Park. 14th Ave. to top of park.,,https://photos.app.goo.gl/jJqnjdEp1kTCyBup8,,
,Golden Gate Heights,4,Grand View Park. Upper 15th Ave. to top of park.,,https://photos.app.goo.gl/X9HazHP8R9u1W9B49,,
,Golden Gate Heights,4,Mandalay Lane/No. 2001 14th Ave. & 15th Ave. & Pacheco.,,https://photos.app.goo.gl/o24C2Bqh6tQRysFE7,,
,Golden Gate Heights,4,Mount/No. 1795 14th Ave. & No. 1798 15th Ave.,,https://photos.app.goo.gl/8ReEJF22XDRxJM7o7,,
,Golden Gate Heights,4,Noriega to 15th Ave. & Sheldon Terrace.,,https://photos.app.goo.gl/pv3CnyKh6tVbPtBn7,,
,Golden Gate Heights,4,Oriole Way/Pacheco & Cragmont.,,https://photos.app.goo.gl/uyjQtPmemFxQAsQHA,,
,Golden Gate Heights,4,Ortega Way/14th Ave. & No. 1894 15th Ave.,,https://photos.app.goo.gl/Ujmhke2YFq6hBgd28,,
,Golden Gate Heights,4,Pacheco St. & 12th Ave.,,https://photos.app.goo.gl/FZ6249Ukwvf8Sprt6,,
,Golden Gate Heights,4,Pacheco/14th & 15th Ave.,,https://photos.app.goo.gl/eX5ZJHh1VymGyrPx6,,
,Golden Gate Heights,4,Quintara at No. 500/14th and 15th Aves.,,https://photos.app.goo.gl/oAH42SdfvnxFm1W4A,,
,Golden Gate Heights,3,16th Ave./Pacheco & Quintara. Multiple small stairways on east side of street.,,https://photos.app.goo.gl/E7PWAF8mvjap17CSA,,
,Golden Gate Heights,3,Aerial Way/No. 475 Ortega & No. 801 Pacheco.,,https://photos.app.goo.gl/WBnXS58eLg4vc7mL9,,
,Golden Gate Heights,3,"Golden Gate Heights Park. 12th Ave. at playground, to tennis courts.",,https://photos.app.goo.gl/nNPFYYWWDji7kMF26,,
,Golden Gate Heights,3,Grand View Park.,,https://photos.app.goo.gl/NSUtjH8yDf6uboc59,,
,Golden Gate Heights,3,Pacheco & 16th Ave.,,https://photos.app.goo.gl/T2HpQrTfJsWG7Kh37,,
,Golden Gate Heights,3,Quintara & 16th Ave.,,https://photos.app.goo.gl/iaD3hAUbtwSrEG5T6,,
,Golden Gate Heights,2,"15th Ave., near Moraga to Upper 15th.",,https://photos.app.goo.gl/93b2uRRo8vPVck3R7,,
,Golden Gate Heights,2,7th Ave./Kirkham & Lawton/Warren. Garden for the Environment.,,https://photos.app.goo.gl/MJCaPzidErJAyvQX6,,
,Golden Gate Heights,2,8th Ave./Moraga & Lawton. Few small stairways along block.,,https://photos.app.goo.gl/GV89YqGANmYVUnR9A,,
,Golden Gate Heights,2,9th Ave./Lawton & Moraga. Few small stairways along block.,,https://photos.app.goo.gl/ip2XQfbHNSKVZF7B8,,
,Golden Gate Heights,2,Aloha & Lomita.,,https://photos.app.goo.gl/dBy4H9ARMgTrE2ws9,,
,Golden Gate Heights,2,Fanning & 14th Ave. Rounding a corner.,,https://photos.app.goo.gl/jGPZbk2bh9g1tyiG7,,
,Golden Gate Heights,2,Fanning & 15th Ave.,,https://photos.app.goo.gl/goudcVygknGXavXS8,,
,Golden Gate Heights,2,Pacheco & 14th Ave.,,https://photos.app.goo.gl/aDbL1rWDkHmvppTg9,,
,Golden Gate Heights,1,"15th Ave., near Fanning & Quintara.",,https://photos.app.goo.gl/gCdDZK2M4C15h9Uz6,,
,Golden Gate Park,5,Stow Lake. Strawberry Hill/Stow Lake shore and top of waterfalls.,,https://photos.app.goo.gl/pfg5pJqPyFpsLgB8A,,
,Golden Gate Park,4,Conservatory of Flowers. To walkway and front entrance from lawn area.,,https://photos.app.goo.gl/8iHWWLa5MFbXs4z29,,
,Golden Gate Park,4,National AIDS Memorial. Circle of Peace to West Portal.,,https://photos.app.goo.gl/yizcYGKfmPLCA5GcA,,
,Golden Gate Park,4,"National AIDS Memorial. Moonwalk Stairs, just past the Hemophilia Circle.",,https://photos.app.goo.gl/21ND65eLEYJiBDzm7,,
,Golden Gate Park,4,Oak Woodlands Trail. South of Horseshoe Pits.,,https://photos.app.goo.gl/zjkZf2Lx32RFJidd7,,
,Golden Gate Park,4,Stow Lake. NW end of loop path to reservoir level.,,https://photos.app.goo.gl/a8egZWtHoYUVbRco8,,
,Golden Gate Park,4,Stow Lake. Strawberry Hill to middle-level path.,,https://photos.app.goo.gl/QqcMWnPNH6o4YAxAA,,
,Golden Gate Park,3,"Anglers Lodge, off JFK Drive, opposite buffalo paddock.",,https://photos.app.goo.gl/dGYXwsd1UE9W7RyaA,,
,Golden Gate Park,3,Botanical Garden Succulent Garden.,,https://photos.app.goo.gl/BKVVyGHmZ1B7VYpX9,,
,Golden Gate Park,3,Botanical Garden. Between Mesoamerican and South African Walk.,,https://photos.app.goo.gl/eLbQCtG6aSM2AuFT9,,
,Golden Gate Park,3,Botanical Garden. Between Mesoamerican Cloud Forest and California Native Garden.,,https://photos.app.goo.gl/eja2TZMzbsqB4C2m6,,
,Golden Gate Park,3,Botanical Garden. Between Moon Viewing Garden & Garden of Perennials.,,https://photos.app.goo.gl/LEayLUs1UnDYfXQMA,,
,Golden Gate Park,3,Botanical Garden. Hill between fountain and Rhododendron Garden. North side.,,https://photos.app.goo.gl/H8AyiSP7FynpKYjXA,,
,Golden Gate Park,3,Botanical Garden. Hill between fountain and Rhododendron Garden. South side. ,,https://photos.app.goo.gl/MpcUEnk52xeHDVXe7,,
,Golden Gate Park,3,Botanical Garden. In Southeast Asian Cloud Forest.,,https://photos.app.goo.gl/6sV12LHPNqRYRLwC6,,
,Golden Gate Park,3,"Conservatory of Flowers. Right side, east to Dahlia Gardens. Two stairways.",,https://photos.app.goo.gl/4Jyz4jpeAMWGGkj47,,
,Golden Gate Park,3,DeYoung Museum near observation tower.,,https://photos.app.goo.gl/tHAcLiRNizMcLj2M8,,
,Golden Gate Park,3,Fulton & 4th Ave. Wood stairway leading into Golden Gate Park.,,https://photos.app.goo.gl/nPzWjDNRXkCPhP8h7,,
,Golden Gate Park,3,"JFK Drive north side, down to North Lake.",,https://photos.app.goo.gl/BFWZG1i59SuhtHtt9,,
,Golden Gate Park,3,JFK Drive: Intersection of Bernice Rogers Way & JFK Drive.,,https://photos.app.goo.gl/as4tzqXyG6Mmn9Yp9,,
,Golden Gate Park,3,Koret Children's Playground to Kezar Dr.,,https://photos.app.goo.gl/Ko8t95B4EbGeN9oKA,,
,Golden Gate Park,3,Koret Children's Quarter. North of carousel. Mosaic!,,https://photos.app.goo.gl/1AAfHEFPZBJtAJhV7,,
,Golden Gate Park,3,Leading to Horseshoe Pits near Conservatory Drive East & Arguello.,,https://photos.app.goo.gl/JUwe5A4eNC6roPEH9,,
,Golden Gate Park,3,Music Concourse. Multiple stairways off Music Concourse Drive and Hagiwara Tea Garden Drive.,,https://photos.app.goo.gl/DYJEQ9rWBhaRat5i8,,
,Golden Gate Park,3,National AIDS Memorial. Circle of Peace through fern grotto.,,https://photos.app.goo.gl/JG6SJpnzooH66fdx6,,
,Golden Gate Park,3,National AIDS Memorial. Stairs to a circle to the NW of the Circle of Friends.,,https://photos.app.goo.gl/12EhfHD9v67KWiUA9,,
,Golden Gate Park,3,Oak Woodlands. Close to Fulton between 2nd and 3rd Aves.,,https://photos.app.goo.gl/qSfWfj7iDWa1b6ru7,,
,Golden Gate Park,3,"Robin Williams Meadow Picnic Area near Martin Luther King Jr. Dr., into Koret Children's Playground.",,https://photos.app.goo.gl/W8tAf8nJze2SW7Ug9,,
,Golden Gate Park,3,South of Rhododendron Dell,,https://photos.app.goo.gl/k8RxeaAHSRnZ4LDD7,,
,Golden Gate Park,3,Stow Lake Summit west side.,,https://photos.app.goo.gl/GKkNFADUznsaM5R57,,
,Golden Gate Park,3,Stow Lake: Huntington Falls to reservoir.,,https://photos.app.goo.gl/5mRRXQTmZohH8BVD7,,
,Golden Gate Park,3,Stow Lake. Heading uphill from just south of Chinese Pavilion.,,https://photos.app.goo.gl/BdrqnWUkhDQJ4vcT7,,
,Golden Gate Park,3,Stow Lake. Just north of Huntington Falls. Stopping and then continuing to reservoir level.,,https://photos.app.goo.gl/d4JaUwVR79GoV49j6,,
,Golden Gate Park,3,Stow Lake. Just south of Huntington Falls.,,https://photos.app.goo.gl/d2B5Bdk5J6chcBGAA,,
,Golden Gate Park,3,Stow Lake. Path between boathouse and JFK Drive.,,https://photos.app.goo.gl/fVB2CicAZekcV9WS7,,
,Golden Gate Park,3,Trail connecting Stow Lake Drive East and Pioneer East Meadow.,,https://photos.app.goo.gl/Yrgbp1EG8tzeNJeu7,,
,Golden Gate Park,2,Botanical Garden. Garden of Fragrance.,,https://photos.app.goo.gl/EZiLvcNcyouEQyy88,,
,Golden Gate Park,2,Bowling Green Drive. Street to tennis courts.,,https://photos.app.goo.gl/EZiLvcNcyouEQyy88,,
,Golden Gate Park,2,Disc Golf Course near 25th Avenue. Few stairways.,,https://photos.app.goo.gl/CuANoY85BSZfHxAi9,,
,Golden Gate Park,2,Disc Golf Course near 28th Ave/Fulton & JFK Dr.,,https://photos.app.goo.gl/jahQRA77CaPgiaWG7,,
,Golden Gate Park,2,Disc Golf Course near 29th & 30 Ave./Fulton & JFK Dr.,,https://photos.app.goo.gl/tfaWwLbTAZtCN2yE6,,
,Golden Gate Park,2,Fulton at 10th Ave. into playground.,,https://photos.app.goo.gl/KXDnyyPd8mKe52d97,,
,Golden Gate Park,2,In Horseshoe Pits near Conservatory Drive East & Arguello. Number of stairways around stone wall.,,https://photos.app.goo.gl/rAYEx4LPBMWZj3Y78,,
,Golden Gate Park,2,Japanese Tea Garden/Back of garden & east side of Stow Lake.,,https://photos.app.goo.gl/UGaGnqTCWAvVBfjY8,,
,Golden Gate Park,2,JFK Drive. Near Dutch Windmill and down into Queen Wilhelmina Tulip Garden.,,https://photos.app.goo.gl/9HnqFG51SBJcszVt8,,
,Golden Gate Park,2,JFK Drive. Tunnel from Conservatory of Flowers across the street.,,https://photos.app.goo.gl/zCoYmwNax7D7QYQ5A,,
,Golden Gate Park,2,"Kezar Stadium, number of stairways around stadium.",,https://photos.app.goo.gl/jDKg42BUBQVLXAPF7,,
,Golden Gate Park,2,"Lincoln Way and 19th Ave. Under arch, into park.",,https://photos.app.goo.gl/LuxxnkSwPMpyYqFVA,,
,Golden Gate Park,2,"Lincoln Way at 7th Ave., into Golden Gate Park.",,https://photos.app.goo.gl/53CVcAGfFLYYX9j4A,,
,Golden Gate Park,2,Martin Luther King Drive and 7th Avenue. Leading down to baseball field.,,https://photos.app.goo.gl/aoSkjRiqNQrEfxHk8,,
,Golden Gate Park,2,Martin Luther King Drive between Botanical Garden and Stow Lake Drive E. Up to Stow Lake Drive E.,,https://photos.app.goo.gl/mNME4mNAbbNQiutW6,,
,Golden Gate Park,2,Martin Luther King Drive. Between Millwright Cottage and Murphy Windmill.,,https://photos.app.goo.gl/2GuaZUrc5bxGt9Bs8,,
,Golden Gate Park,2,Martin Luther King Drive. Murphy Windmill & Lincoln Way.,,https://photos.app.goo.gl/yo8wNkFL48RNzgieA,,
,Golden Gate Park,2,Martin Luther King Drive. West at 19th Ave.,,https://photos.app.goo.gl/JB1ABnr9qqWepGmk9,,
,Golden Gate Park,2,Mother's Meadow Playground to Stow Lake.,,https://photos.app.goo.gl/K3bKcMZN3GmmvUqU9,,
,Golden Gate Park,2,National AIDS Memorial. Crossroads Circle. Two small sets of steps.,,https://photos.app.goo.gl/39XjizJqEqYiPDXb9,,
,Golden Gate Park,2,National AIDS Memorial. Few wood steps.,,https://photos.app.goo.gl/KprsNH7dq8j9qCpy8,,
,Golden Gate Park,2,National AIDS Memorial. Two stairways into redwood grove.,,https://photos.app.goo.gl/aCzePXSFYmtkXbi97,,
,Golden Gate Park,2,Oak Woodlands Trail. Near Arguello and Conservatory Dr. East.,,https://photos.app.goo.gl/WUD7rzjBRdbmpNtw8,,
,Golden Gate Park,2,Oak Woodlands Trail. Up from Fulton and Stanyan.,,https://photos.app.goo.gl/SH6ZLDXb3sGwqFAG6,,
,Golden Gate Park,2,Off JFK Drive and West of Dutch Windmill.,,https://photos.app.goo.gl/pyWQKLoAuVnMHAHj6,,
,Golden Gate Park,2,"Path between Fulton at 6th Ave. and JFK Drive, next to roller skating area.",,https://photos.app.goo.gl/QqiS7YKiXRHv13pY9,,
,Golden Gate Park,2,Path between JFK Drive and Crossover Drive. Just west of Prayerbrook Cross.,,https://photos.app.goo.gl/kSPywkKYB5YfWX7a7,,
,Golden Gate Park,2,Prayerbook Cross. Heading down from east side.,,https://photos.app.goo.gl/bg7YJM2oTEvYz23n6,,
,Golden Gate Park,2,Stow Lake Drive up to paved path. Just west of crosswalk at SW corner of lake.,,https://photos.app.goo.gl/WNFRggPJugya8gfB7,,
,Golden Gate Park,2,Stow Lake South Side/South Bridge & Chinese Pavilion.,,https://photos.app.goo.gl/Wuytb7wnUxq23UmS6,,
,Golden Gate Park,2,Stow Lake. Few steps up to Chinese Pavilion.,,https://photos.app.goo.gl/ny8RwzUdP1Btn2ff9,,
,Golden Gate Park,2,Stow Lake. Intermittent stairs leading to Huntington Falls.,,https://photos.app.goo.gl/Q1fM2i3UyCiJtfmz7,,
,Golden Gate Park,2,Stow Lake. To Strawberry Hill/Chinese Pavilion & Falls Stairway. (Just south of falls.),,https://photos.app.goo.gl/d2B5Bdk5J6chcBGAA,,
,Golden Gate Park,2,Stow Lake. Up to Strawberry Hill from reservoir.,,https://photos.app.goo.gl/rM2y1rv9XNjfmezi7,,
,Golden Gate Park,1,Fulton near 5th Avenue. From paved path up to dirt path.,,https://photos.app.goo.gl/WS6DMEmSGbYs6Nvq7,,
,Golden Gate Park,1,JFK Drive: Up to restrooms past buffalo paddock.,,https://photos.app.goo.gl/sSeSNgN7e6q5Wg8c7,,
,Golden Gate Park,1,SF Lawn Bowling Club,,https://photos.app.goo.gl/LQ3Dc96fbSC6YrWKA,,
,Golden Gate Park,1,Stow Lake. Directly across from Chinese Pavilion. Barely there.,,https://photos.app.goo.gl/uMpTYAV6UYKt3hiKA,,
,Haight-Ashbury,5,"Frederick & Carl/Arguello & Willard, opposite Kezar Stadium. Parkview Commons.",,https://photos.app.goo.gl/ba9fSQWF5umho7LH9,,
,Haight-Ashbury,2,Clayton/Frederick & Carl.,,https://photos.app.goo.gl/HDD3vWxeb9pxEzSS6,,
,Haight-Ashbury,2,Frederick at Willard. Down into Kezar Stadium.,,https://photos.app.goo.gl/PTwFP1jjSWBCqzuA6,,
,Hayes Valley,3,"Koshland Park. Page at Buchanan, into park. Seven small stairways on path through park.",,https://photos.app.goo.gl/AY84WkSkK4pFRiW26,,
,Ingleside Terrace,5,"Sisterhood Gardens ""Together We Bloom"" tiled steps. South end of Ramsell Street.",,https://photos.app.goo.gl/6mUPwKRBob1r2ZQv7,,
,Ingleside Terrace,4,Ridge Lane/Caine Ave. & San Miguel St. Photo by Karen Rhodes.,,https://photos.app.goo.gl/j6YTjpH8QwNiPnrZ6,,
,Ingleside Terrace,4,Unity Plaza. Ocean & City College Terminal. Mosaic!,,https://photos.app.goo.gl/EFuLoY4PVy1oP3xv7,,
,Ingleside Terrace,3,End of San Leandro/Moncada & Ocean.,,https://photos.app.goo.gl/axLm6abjhMRi73gn8,,
,Ingleside Terrace,2,"2235 Ocean Ave., stairs up to Aptos Park.",,https://photos.app.goo.gl/QnM4fFdWAYxaJs47A,,
,Ingleside Terrace,2,"Alemany & Head St., near Palmetto.",,https://photos.app.goo.gl/2Vd2gjKMbQ6eefZN6,,
,Ingleside Terrace,2,"Alemany, opposite Victoria.",,https://photos.app.goo.gl/e1WnuWWmBagYR9Zy7,,
,Ingleside Terrace,2,De Long/Flournoy Street & Goethe Street,,https://photos.app.goo.gl/w7XNTttEfriaJQ4LA,,
,Ingleside Terrace,2,Shakespeare and Bepler.,,https://photos.app.goo.gl/ox621DLwmseoTsCM9,,
,Ingleside Terrace,2,Shakespeare/Shakespeare & De Long.,,"https://photos.app.goo.gl/Y2DFHBhDyf3zyPGPA
Photo by David Gallagher.",,
,Ingleside Terrace,2,Wilson Street/De Long St. & Rhine St.Many stairways along block,,https://photos.app.goo.gl/yeiSpM9z5TUaayVG8,,
,Ingleside Terrace,2,"Worcester, near Alemany. Down to shopping center.",,https://photos.app.goo.gl/FXdVxBNHLFFojht9A,,
,Ingleside Terrace,2,Wyton Lane/19th Ave. & Denslowe Dr.,,https://photos.app.goo.gl/onzJZmWMamv2PtLS8,,
,Ingleside Terrace,2,Wyton Lane/Stratford Dr. & Junipero Serra Blvd.,,https://photos.app.goo.gl/NFUe9bHaRsgXsdHBA,,
,Ingleside Terrace,1,Unity Plaza. East side.,,https://photos.app.goo.gl/c19YjiysMT3FrA6MA,,
,Lands End,5,Mile Rock Stairway/Coastal Trail & Mile Rock Beach.,,https://photos.app.goo.gl/cijqjQKc9hG1qbR99,,
,Lands End,5,Stairs down to Point Lobos.,,https://photos.app.goo.gl/s2S2b2v4G4ubyULTA,,
,Lands End,5,Sutro Baths Stairway/Merrie Way parking lot & Sutro Baths.,,https://photos.app.goo.gl/RdbxnKnZZrp4P9b39,,
,Lands End,4,Lands End Trail between Mile Rock Beach and Eagle's  Point.,,https://photos.app.goo.gl/UQAm34BbSELp29v38,,
,Lands End,4,USS San Francisco Naval Memorial Stairway/48th Ave. & El Camino del Mar to the Coastal Trail.,,https://photos.app.goo.gl/t6TMhmJSE5h7acUg9,,
,Lands End,3,El Camino del Mar at end to VA Medical Center.,,https://photos.app.goo.gl/AFkCebUg7NKo3Ezj9,,
,Lands End,3,El Camino del Mar down to Lands End Main Parking Lot.,,https://photos.app.goo.gl/Q46PK1x5YbF8UQvS8,,
,Lands End,3,"El Camino del Mar to Lands End Trail, near USS San Francisco Parking Lot.",,https://photos.app.goo.gl/hrEihMZ7HwYTq1228,,
,Lands End,3,El Camino del Mar to Lands End Trail/ USS San Francisco parking lot & Seal Rock Dr.,,https://photos.app.goo.gl/mqWvq5Um7FnDLB2J7,,
,Lands End,3,El Camino del Mar Trail near Palace of Legion of Honor trailhead.,,https://photos.app.goo.gl/h2Vmdu4fP7YPcUuVA,,
,Lands End,3,Fort Miley. Multiple stairways on Battery Chester.,,https://photos.app.goo.gl/AE7vSuE181PfekUn8,,
,Lands End,3,Fort Miley. Wood stairway near north end of Battery Chester.,,https://photos.app.goo.gl/VAZcyS3L1MQ46Vkn8,,
,Lands End,3,"Lands End Trail to El Camino del Mar Trail, just below the VA Medical Center.",,https://photos.app.goo.gl/QsRFcn62RkX53TTs6,,
,Lands End,3,Legion of Honor. East side of museum down to El Camino del Mar parking area.,,https://photos.app.goo.gl/NUxUjApg8Q8fCKyL8,,
,Lands End,3,Legion of Honor. El Camino del Mar parking area to side of museum.,,https://photos.app.goo.gl/b24bN4Q5AxHm4QmN8,,
,Lands End,2,Eagle's Point at El Camino del Mar.,,https://photos.app.goo.gl/jUeiMND1Yj2ZCw3LA,,
,Lands End,2,Fort Miley. Veterans Dr. down to Battery Chester.,,https://photos.app.goo.gl/8QTYqBvgUTx9NPM77,,
,Lands End,2,Lands End Trailhead from Merrie Way Parking Lot.,,https://photos.app.goo.gl/nbS59Zpxe99LKgzr5,,
,Lands End,2,Legion of Honor. Stairs down to Holocaust Memorial.,,https://photos.app.goo.gl/9d8dJoMSsPSTVj8T9,,
,Lands End,2,Point Lobos Ave to behind Lands End Lookout Visitor Center,6,https://photos.app.goo.gl/cwxmrBW3rjF6nN69A,,
,Lands End,2,USS San Francisco Memorial,,https://photos.app.goo.gl/gck98tzx5pRNoGYc9,,
,Lands End,1,Fort Miley. Few stairs off main walkway.,,https://photos.app.goo.gl/ez2w6GmgZ28tjm4JA,,
,Lands End,1,Sutro Baths along main basin.,,https://photos.app.goo.gl/yjCjZTrNNqoV4WFZA,,
,Lands End,1,"Sutro Baths, south side. Stairway in ruins.",,https://photos.app.goo.gl/nELr6PKJSeX33ZqZ9,,
,Laurel Heights,3,"Blake/Geary & Euclid, into Laurel Hill Playground.",,https://photos.app.goo.gl/dbzioXmDcyzyoEQx7,,
,Laurel Heights,2,Cook/Geary & Euclid. In Laurel Heights. View of Lone Mtn.,,https://photos.app.goo.gl/RavP7ChaxmZDbkRd8,,
,Laurel Heights,2,Dicha Alley/Lupine & Wood. Useful and used.,,https://photos.app.goo.gl/rYqyTx3my2MQG3XG8,,
,Laurel Heights,2,Locust/Mayfair & California. Into shopping center parking lot.,,https://photos.app.goo.gl/B1ViRCKkLDzCrzGq7,,
,Lone Mountain,1,Loyola Terrace. Few two-step stairways on west side of street.,,https://photos.app.goo.gl/mLnatDNuNweM572w8,,
,Marina,3,"Wave Organ at end of jetty by Golden Gate Yacht Club, around structure and down to water.",,https://photos.app.goo.gl/jBj28t7NWRqXapAH9,,
,Marina,2,"Bay St./Webster & Buchanan, into George Moscone Recreation Center. (Another stairway at the back of the building too.)",,https://photos.app.goo.gl/Ha4ngPu1rECujFGCA,,
,Marina,2,"Crissy Field entrance to St. Francis Yacht Club at Lyon, to benches and to water.",,"To benches: https://photos.app.goo.gl/FxCTakdXt5nN7FsE7
To water: https://photos.app.goo.gl/EPNNBuQq6kgXNSSs9",,
,Marina,2,Marina Yacht Harbor above Marina Boulevard.,,https://photos.app.goo.gl/pLWgArm64xhcgDkf8,,
,Marina,2,"Palace of Fine Arts. Intersection of Palace Dr., Lyon St., and Bay St.",,https://photos.app.goo.gl/TmUKkR79pJpjDjWd8,,
,Marina,1,Bay between Buchanan and Webster.,,https://photos.app.goo.gl/znc4qT9cSeSDxHiB7,,
,Merced Manor,3,Merced Manor Reservoir. 22nd Ave./Sloat Blvd. & Ocean Ave.,,https://photos.app.goo.gl/LiJqLhpQEuGpnZdE9,,
,Merced Manor,3,Merced Manor Reservoir. 23rd Ave./Sloat Blvd. & Ocean Ave.,,https://photos.app.goo.gl/AL8tX3mi27hDb3P59,,
,Merced Manor,2,Junipero Serra Blvd. across from number 150/Woodacre Dr. & Ocean Ave.,,https://photos.app.goo.gl/SGqPCN4mK9e1Hty56,,
,Merced Manor,2,Merced Manor Reservoir. From grass lawn south of Sloat up to top of reservoir.,,https://photos.app.goo.gl/Coho8RRVojb238Aw9,,
,Merced Manor,2,Merced Manor Reservoir. Sloat Blvd./22nd & 23rd St.,,https://photos.app.goo.gl/JEr45GuPhkpQ99Ta6,,
,Mission,3,"Franklin Square. 17th St./Bryant & Potrero, into square.",,https://photos.app.goo.gl/1VbAk8Hfctj2vpuJ6,,
,Mission,3,"Franklin Square. Bryant at 16th St., into square.",,https://photos.app.goo.gl/qeabQyYmsCsNmtpP9,,
,Mission,3,"Franklin Square. Bryant at 17th St., into square.",,https://photos.app.goo.gl/ZBfNL56iBwP58K3i6,,
,Mission,2,25th St./Fair Oaks & Dolores. Sidewalk stairway.,,https://photos.app.goo.gl/TcbD9DqEJGzp2ZaSA,,
,Mission,2,"Dolores Park. SE corner of 18th & Church Streets, up to J Church platform.",,https://photos.app.goo.gl/65HDrhiQ2y5Pyn2g6,,
,Mission,2,Florida Street up to 15th Street.,,https://photos.app.goo.gl/b4mZ1xmaw6VhBkGR9,,
,Mission,2,"Franklin Square, near playground on 17th St. side.",,https://photos.app.goo.gl/XMDeTpRXrpxW4iLS6,,
,Mission,2,In Chan Kaajal Park,,https://photos.app.goo.gl/kVfd6qhGd6iJSQKV7,,
,Mission,2,McCoppin Hub. Valencia at McCoppin St.,,https://photos.app.goo.gl/hBpJPVokqRLaqvTE9,,
,Mission,2,Parque Niños Unidos,,https://photos.app.goo.gl/5B5t7ktKtNVhWHbu6,,
,Mission,2,Walkway between Bryant and Florida between 18th and 19th Streets.,,https://photos.app.goo.gl/eaZtJfCDLcKrvcEPA,,
,Mission,1,17th and Florida at SW corner.,,https://photos.app.goo.gl/d2EhnUCsGQCBUvGA6,,
,Mission,1,Dolores Park. Near sports courts and bathrooms.,,https://photos.app.goo.gl/PSu3YkQx8nFDbZUM6,,
,Mission,1,"Garfield Square. Harrison at 26th St., into square.",,https://photos.app.goo.gl/5HDMAk8kCbPNjm1d8,,
,Mission,1,Garfield Square. Harrison/25th & 26th St. Two stairways on either side of Garfield Pool building.,,https://photos.app.goo.gl/mC8nJWUh7ASpiNZEA,,
,Mission,1,"Garfield Square. Treat at 26th St., into square.",,https://photos.app.goo.gl/rcbMLdjvhvuqR7HLA,,
,Mission,1,Garfield Square. Treat/25th & 26th St. Middle of block near children's play area. ,,https://photos.app.goo.gl/CdHrrX33KTxcDQj19,,
,Mission,1,"Mission Playground & Pool, up to basketball courts. Two steps.",,https://photos.app.goo.gl/mUr59zznd9MQAa6H6,,
,Mission,1,Mission Pool building entrance at 19th and Linda.,,https://photos.app.goo.gl/DND6fByz8Kvwr9Ft5,,
,Mission,1,"Potrero Ave., just north of Cesar Chavez.",,https://photos.app.goo.gl/uAw2sGFRE6uWN83v8,,
,Mission Bay,2,409-499 Illinois St./16th St. & Terry A. François Blvd.,,https://photos.app.goo.gl/n2NGbB1PnWkZQ1zS8,,
,Mission Bay,2,Mission Bay Commons. 3rd Street/Mission Bay Boulevard North & South,,https://photos.app.goo.gl/5VGhiATRJ63SFSdP7,,
,Mission Bay,2,Mission Bay Commons. Mission Bay Boulevard North/Bridgeview Way & Terry A. Francois Blvd.,,https://photos.app.goo.gl/AVPZbouMVgenbQxb6,,
,Mission Bay,2,Thrive City. 3rd Avenue/16th Street and Campus Way.,,https://photos.app.goo.gl/n2NGbB1PnWkZQ1zS8,,
,Mission Bay,2,Warriors Way/3rd Street & Terry A. François Boulevard. Across from Bridgeview Way.,,https://photos.app.goo.gl/1P9bEPjLH6t71LoD9,,
,Mission Bay,1,Mission Bay Commons. Mission Bay Boulevard South/Bridgeview Way & Terry A. Francois Blvd.,,https://photos.app.goo.gl/Lfusv23UJxUke12a7,,
,Mt. Davidson,5,Bengal Alley/Lansdale & Miraloma.,,https://photos.app.goo.gl/5zxw1YjpiXMBVtbJ8,,
,Mt. Davidson,5,Dragon's Tail Stairway. Bella Vista Way/Avoca Alley & Sequoa Way. Into Miraloma sports fields. Mosaic!,,https://photos.app.goo.gl/GS7qJZ7ezMbVt2d4A,,
,Mt. Davidson,4,Los Palmos Garden. Between Los Palmos Drive and Verna Street.,,https://photos.app.goo.gl/B4DBaDYjPP8sHWSk6,,
,Mt. Davidson,4,Mt. Davidson Summit. East Ridge Trail near summit.,,https://photos.app.goo.gl/Furn7F13zZbsV9ia6,,
,Mt. Davidson,4,"Mt. Davidson. Intersection of Juanita, Native Garden, and St. Croix Trails.",,https://photos.app.goo.gl/JtP5WbSbpMqg2oRj8,,
,Mt. Davidson,4,"Mt. Davidson. Juanita Way at No. 275 Juanita, near Marne.",,https://photos.app.goo.gl/BZ173Mq12kNQ6t3t7,,
,Mt. Davidson,3,Burlwood & Los Palmos.,,https://photos.app.goo.gl/XNNaTzooZSLEDiX28,,
,Mt. Davidson,3,Casitas at Cresta Vista.,,https://photos.app.goo.gl/FrGv1NZyzWh8Dynd9,,
,Mt. Davidson,3,Malta/Upper Malta No.11 and Lower Malta No. 50.,,https://photos.app.goo.gl/hfyDQCvskK7tim3K9,,
,Mt. Davidson,3,Mangels/Brentwood & Melrose.,,https://photos.app.goo.gl/CdFaC7JfdH1QaXzSA,,
,Mt. Davidson,3,Mt. Davidson. At foot of cross.,,https://photos.app.goo.gl/iht9mRW7YdvitcQE8,,
,Mt. Davidson,3,Mt. Davidson. East Ridge Trail behind cross.,,https://photos.app.goo.gl/BYustvhJHPZGb32eA,,
,Mt. Davidson,3,"Mt. Davidson. Rockdale Drive, next to Nos. 919 and 925.",,https://photos.app.goo.gl/ZBf87SzXv8V2FGmX8,,
,Mt. Davidson,3,Mt. Davidson. St. Croix Fire Road near summit.,,https://photos.app.goo.gl/v9NSZPr9YRSqKrrs6,,
,Mt. Davidson,3,Yerba Buena to Upper Yerba Buena at Ravenwood.,,https://photos.app.goo.gl/X33NxBkVYR7weTmGA,,
,Mt. Davidson,3,"Yerba Buena, near Maywood, to Miraloma.",,https://photos.app.goo.gl/HyT2EvLSuV3h4atV8,,
,Mt. Davidson,2,"Avoca Alley/No. 219 Bella Vista Way at 550 Myra, opposite Dorcas Way.",,https://photos.app.goo.gl/KGHCwoM8PFgCxJzYA,,
,Mt. Davidson,2,Chaves & Del Sur.,,https://photos.app.goo.gl/zkMk5SuQVf77xGNT8,,
,Mt. Davidson,2,"Globe Alley at No. 96 Cresta Vista to Hazelwood, near Los Palmos.",,https://photos.app.goo.gl/X6EBTdVWa5qSox9fA,,
,Mt. Davidson,2,Hazelwood & Los Palmos.,,https://photos.app.goo.gl/j5v5phPRTQwtfbDU8,,
,Mt. Davidson,2,Lulu Alley/Los Palmos & No. 450 to No. 500 Melrose. (Street continues across Los Palmos as a dirt road!),,https://photos.app.goo.gl/VMgLn6AxFbvqASLk6,,
,Mt. Davidson,2,"Marietta and Lower Marietta Dr., multiple stairways between Arroyo Way and Teresita Boulevard.",,https://photos.app.goo.gl/H5y5darueiCL2PjBA,,
,Mt. Davidson,2,Melrose at Mangels & Ridgewood.,,https://photos.app.goo.gl/aQjECmKstnm5oy9r9,,
,Mt. Davidson,2,Miraloma at No. 2 to Portola. Painted!,,https://photos.app.goo.gl/CTQokBG6Sip2CMnL6,,
,Mt. Davidson,2,"Molimo Dr., almost at end, at trailhead for Mt. Davidson.",,https://photos.app.goo.gl/qsPDtYyoADoYfoUu5,,
,Mt. Davidson,2,Mt. Davidson. Near start of St. Croix Trail.,,https://photos.app.goo.gl/4unBEsn8LCxQVLiX8,,
,Mt. Davidson,2,Mt. Davidson. Park entrance on Dalewood at Lansdale Ave.,,https://photos.app.goo.gl/S8fcnyS2r2piy6tw5,,
,Mt. Davidson,2,Mt. Davidson. Sherwood Trail,,https://photos.app.goo.gl/1tatGoyUssiGTC2s5,,
,Mt. Davidson,2,Vista Verde Court at Stillings. At end of cul-de-sac.,,https://photos.app.goo.gl/jWGkRH2xM1tbfEcF7,,
,Nob Hill,4,Grace Cathedral at California & Taylor.,,https://photos.app.goo.gl/pBAKqX85PzKZhKH67,,
,Nob Hill,4,Joice Alley at Pine to Sacramento/Powell & Stockton.,,https://photos.app.goo.gl/CCeoK2gG1czFExZ4A,,
,Nob Hill,3,"Huntington Park. California at Taylor & Cushman Alley, into park.",,https://photos.app.goo.gl/QE91HVjT455jTNG27,,
,Nob Hill,3,"Huntington Park. Sacramento at Taylor & Cushman Alley, into park.",,https://photos.app.goo.gl/CbWoS2FJmH9rQLmg9,,
,Nob Hill,3,"Huntington Park. Taylor/California & Sacramento, into park.",10,https://photos.app.goo.gl/SYTgGJeD1GKc2t9n9,,
,Nob Hill,3,Sacramento/Jones & Taylor. Up to Grace Cathedral.,,https://photos.app.goo.gl/XfTr5dfV1X3196iC8,,
,Nob Hill,3,Taylor/Pine & California.,,https://photos.app.goo.gl/EFN977SBKWtWge299,,
,Nob Hill,2,"Clay to Washington, opposite No. 1171 Clay.",,https://photos.app.goo.gl/BdfbX21KFJvxv1KCA,,
,Nob Hill,2,Mason at California.,,https://photos.app.goo.gl/CuPjMTCwUowFzneS6,,
,Nob Hill,2,"Phoenix, opposite No. 1154 Pacific/Taylor & Jones.",,https://photos.app.goo.gl/k3BbTy1usSaB3GDf9,,
,Nob Hill,2,"Priest, opposite No. 1350 Washington.",,https://photos.app.goo.gl/JSEJ3mm1M9h5V6Du6,,
,Nob Hill,2,"Reed, opposite No.1370 Washington.",,https://photos.app.goo.gl/q3dniNVwzy28DDck6,,
,Noe Valley,4,Castro/28th St. & Duncan.,,https://photos.app.goo.gl/b6CTv59zkJRTkdo28,,
,Noe Valley,4,"Cuesta Court to Grand View at No. 601, near 24th St.",,https://photos.app.goo.gl/DQJ31aRN2eTXMjEV6,,
,Noe Valley,4,Elizabeth/Hoffman & Grand View.,,https://photos.app.goo.gl/zMDbdHmRuuHWwMGd9,,
,Noe Valley,3,27th St. at Castro & Newburg.,,https://photos.app.goo.gl/dpcJyNQaxe9yP5HN7,,
,Noe Valley,3,"27th St./Castro & Noe, from cul-de-sac at end of 27th St. to Noe.",,https://photos.app.goo.gl/7Eu54d35LaoBfTen9,,
,Noe Valley,3,"27th Street, next to #581 and up to Castro-Duncan Open Space",,https://photos.app.goo.gl/z7NwC5Evauc3oh779,,
,Noe Valley,3,Castro/Day & No. 500 30th St.,,https://photos.app.goo.gl/NAy3Dmj8dR6tkvWq7,,
,Noe Valley,3,Cesar Chavez/Castro at No. 4220 & Diamond.,,https://photos.app.goo.gl/LUUzETFJVtvYxFS1A,,
,Noe Valley,3,"Day at No. 493, up to No. 2350 Castro.",,https://photos.app.goo.gl/DHSFd5sbPXBHDTrX6,,
,Noe Valley,3,Valley/Diamond & Castro. One stairway leading up to Diamond and the other leading down to Castro.,,https://photos.app.goo.gl/qzxRARfLSuXCu3Nf7,,
,Noe Valley,2,Duncan St. at Noe.,,https://photos.app.goo.gl/At6UAozyg7JCMeQs5,,
,Noe Valley,2,Upper Noe Valley Recreation Center,,https://photos.app.goo.gl/g3e8KCCkwRzhNN696,,
,Noe Valley,2,Valley/Castro to Noe. (Few small stairways.),,https://photos.app.goo.gl/Ne1MpmGfgC4GLMpa7,,
,Noe Valley,2,Zircon Place. Off 29th Street/Diamond & Castro.,,https://photos.app.goo.gl/cGoAneroDSDZStzR8,,
,Noe Valley,1,29th/Castro & Zircon. Few steps in sidewalk in front of #618,,https://photos.app.goo.gl/suaLhY6xkYx9t2ru8,,
,Noe Valley,1,Noe at 1319/26th & Cesar Chavez. Few steps in sidewalk.,,https://photos.app.goo.gl/WPMYp5aRXnY2aB5x8,,
,North Beach,4,Kearny/Vallejo & Broadway. Peter Macchiarini Steps. Sidewalk stairways on both sides of street.,,https://photos.app.goo.gl/9cjxHfsvquxuAV8R6,,
,North Beach,3,Mason/Columbus & Lombard. Between North Beach Library & Pool.,,https://photos.app.goo.gl/JHHduptoBHeXdRQt9,,
,North Beach,3,Tuscany at Lombard/Stockton & Powell. Nice view of St. Peter & Paul Church Spire.,,https://photos.app.goo.gl/yf6mhrWYbr78f87x9,,
,North Beach,2,Levi's Plaza. Filbert/Battery & The Embarcadero. Stairway closer to Battery,,https://photos.app.goo.gl/1UYnpzqgEukDXyH3A,,
,North Beach,2,Levi's Plaza. Filbert/Battery & The Embarcadero. Stairway closer to the Embarcadero.,,https://photos.app.goo.gl/YZMVZ5yAMXBepRjY7,,
,North Beach,2,Levi's Plaza. Filbert/Sansome & Battery.,,https://photos.app.goo.gl/XDdDCt3EG1HU6Rgq8,,
,North Beach,2,Levi's Plaza. Union/Battery & The Embarcadero. Few small stairways.,,https://photos.app.goo.gl/cBZ95KSbfmNHHRUk8,,
,North Beach,2,"Romolo/Vallejo & Fresno, west of Kearny. Sidewalk stairways on both side of the street.",,https://photos.app.goo.gl/RMCw5A6RcmynNsNx8,,
,North Beach,2,Wayne at end of street/Mason & Powell.,,https://photos.app.goo.gl/Q6GQXgiv2bSvctNw6,,
,North Beach,1,Levi's Plaza from the Embarcadero.,,https://photos.app.goo.gl/vYQgeHpNrnNtEWjPA,,
,North Beach,1,Levi's Plaza from the Embarcadero.,,https://photos.app.goo.gl/vYQgeHpNrnNtEWjPA,,
,Oceanview,3,Minnie & Lovie Ward Recreational Center. Stairs (and slide!) near recreation building.,,https://photos.app.goo.gl/Kmr799WCjz5pUKQY6,,
,Oceanview,2,Brooks Park. Shields & Arch Sts.,,https://photos.app.goo.gl/sLDS8EZ1TxT5driF6,,
,Oceanview,2,Brooks Park. Vernon St./Shields & Sargent Sts.,,https://photos.app.goo.gl/NbhRFxxpVtzHLpZ3A,,
,Oceanview,2,Merced Heights Park near playground and tennis courts.,,,,
,Oceanview,2,Minnie & Lovie Ward Recreational Center. Corner of Lobos St. & Capitol Ave.,,https://photos.app.goo.gl/7rULquraLuLeJeqY9,,
,Oceanview,2,Minnie & Lovie Ward Recreational Center. Corner of Lobos St. & Plymouth Ave.,,https://photos.app.goo.gl/ABr5Vs7YSVbgZBjD6,,
,Oceanview,2,Oceanview Playground at Lobos St. & Capitol Ave.,,https://photos.app.goo.gl/7rULquraLuLeJeqY9,,
,Oceanview,2,Oceanview Playground at of Lobos St. & Plymouth Ave.,,https://photos.app.goo.gl/ABr5Vs7YSVbgZBjD6,,
,Oceanview,2,Randolph and Bright Mini Park.,,,,
,Pacific Heights,5,"Alta Plaza, Pierce at Clay, into park.",,https://photos.app.goo.gl/W3s1es6poA3HeSsU7,,
,Pacific Heights,5,"Alta Plaza. Scott/Clay & Washington, into park.",,https://photos.app.goo.gl/iF8rmg81ov38GoEU8,,
,Pacific Heights,5,"Alta Plaza. Steiner at Washington, into park.",,https://photos.app.goo.gl/EWXczszjE5iQkBX6A,,
,Pacific Heights,5,"Alta Plaza. Steiner/Clay & Washington, into park.",,https://photos.app.goo.gl/o2gHowv71o7eAJsu7,,
,Pacific Heights,5,Baker/Vallejo & Broadway.,,https://photos.app.goo.gl/sWjx9kYzisod2zp48,,
,Pacific Heights,5,Fillmore/Broadway & Green.,,https://photos.app.goo.gl/doQ8w6Pak23YPXqM7,,
,Pacific Heights,5,Lyon/Green & Vallejo & Broadway. The Lyon Street Steps.,,https://photos.app.goo.gl/6vSAgwb7nxeoBjR89 and https://photos.app.goo.gl/6pvQewQPtuUfZgEc8,,
,Pacific Heights,4,Broderick/Broadway & Vallejo.,,https://photos.app.goo.gl/ohCADoXX8JK3yv8p7,,
,Pacific Heights,4,Green/Scott & Pierce. Sidewalk stairway on south side of street.,,https://photos.app.goo.gl/Jvmwcc8v13Y3dUQcA,,
,Pacific Heights,4,Normandie Terrace at Vallejo.,,https://photos.app.goo.gl/ekmRerGq2fEUmuXv6,,
,Pacific Heights,3,"Alta Plaza. Pierce at Jackson, into park.",,https://photos.app.goo.gl/hLM9NZVYzoXPweJi9,,
,Pacific Heights,3,Alta Plaza. Stairways in interior of park.,,https://photos.app.goo.gl/dDgFEoMCB2UEgcQ49,,
,Pacific Heights,3,Baker/Green & Vallejo. Sidewalk stairway on both sides of the street,,https://photos.app.goo.gl/7A6VKkrcBoJM4jGEA,,
,Pacific Heights,3,"Lafayette Park. Gough at Clay, into park, connecting on path to tennis courts.",,https://photos.app.goo.gl/t6FBkyytDk6a4j9V7,,
,Pacific Heights,3,"Lafayette Park. Gough at Sacramento, into park. ",,https://photos.app.goo.gl/Pr39oZRX5i6uCWx99,,
,Pacific Heights,3,"Lafayette Park. Gough at Washington, into park.",,https://photos.app.goo.gl/pC2XT4a3WAfQfTZK6,,
,Pacific Heights,3,"Lafayette Park. Laguna at Washington, into park.",,https://photos.app.goo.gl/hRxnxNDcimRYHhASA,,
,Pacific Heights,3,Octavia/Washington & Jackson. Elegant stairway in middle of brick street.,,https://photos.app.goo.gl/1wPSoXHxLAkS5fUw6,,
,Pacific Heights,3,Vallejo/Scott & Pierce. Sidewalk stairway on north side of street.,,https://photos.app.goo.gl/ZWtqmZsjvtV5sscx6,,
,Pacific Heights,3,Webster/Broadway & Vallejo. Sidewalk stairway on east side of street.,,https://photos.app.goo.gl/Fq8R3wMH4DdwFRDH9,,
,Pacific Heights,2,Clay and Buchanan through the medical center.,,https://photos.app.goo.gl/TtUjK3L1VxSnA3NS7,,
,Pacific Heights,2,Lafayette Park. Interior of park. Small stairway in the trees.,,https://photos.app.goo.gl/mUQngzgnC66HSNaU9,,
,Pacific Heights,2,Lafayette Park. Interior of park. Two stairways with bay views.,,https://photos.app.goo.gl/V9WFyqyNwqMz3fZz7,,
,Pacific Heights,2,Presidio Branch Library. Clay/Baker & Lyon.,,https://photos.app.goo.gl/jfc3YGUBdzYoTzhbA,,
,Pacific Heights,1,Alynne Park at Green & Gough. (Stairway is between the hedges.),,https://photos.app.goo.gl/NbW4ktREgf9Xqk8C9,,
,Pacific Heights,1,Goldberg/Clay & Sacramento,,https://photos.app.goo.gl/qpKadVBrX57nR4Cc9,,
,Pacific Heights,1,"Lafayette Park. Laguna at Sacramento, into park.",,https://photos.app.goo.gl/TtUjK3L1VxSnA3NS7,,
,Pacific Heights,1,Vallejo at Lyon. Along a wall in the SW corner of the intersection.,,https://photos.app.goo.gl/egTB8dcSmyV8uQn68,,
,Parkmerced,2,Juan Bautista Community Garden. West of Juan Bautista Circle.,,https://photos.app.goo.gl/xkmqvaxxTvoFULCEA,,
,Parkmerced,1,Felix Avenue at 19th Ave & Junipero Serra Blvd.,,https://photos.app.goo.gl/zcEVPve1kVGMh9c58,,
,Parkside,4,Stern Grove. Next to Trocadero Clubhouse.,,https://photos.app.goo.gl/bRCyqepqUjtb3u8R8,,
,Parkside,3,"Stern Grove. Multiple stairways between bleachers, near 19th Avenue and Sloat.",,https://photos.app.goo.gl/Xp3AmLkyhQn7d4fB9,,
,Parkside,2,Judah/LaPlaya & Great Highway.,,https://photos.app.goo.gl/Py6mnKKDMT9KiYU88,,
,Parkside,2,"McCoppin Square. 22nd Ave., near Taraval.",,https://photos.app.goo.gl/fBiVNvBNChLv77hn9,,
,Parkside,2,Parkside Square down to playground. 28th Ave. south of Wawona.,,https://photos.app.goo.gl/kashybvWBfk2FmPYA,,
,Parkside,2,Stern Grove Playground.,,https://photos.app.goo.gl/kYNYsVq3QiQqG2vE6,,
,Parkside,2,Stern Grove. At and across from tennis courts.,,https://photos.app.goo.gl/1Z58UtFKRr6iHiCd9,,
,Parnassus Heights,4,Farnsworth/Edgewood & Willard.,,https://photos.app.goo.gl/3TJVtRetfXcBCxt18,,
,Parnassus Heights,4,"Medical Center Way, No. 134, behind the clinics at UCSF, with stairs up to Johnstone Drive and the Historic Trail through Sutro Forest.",,https://photos.app.goo.gl/ATDjDxEjyrZM7rEE7,,
,Parnassus Heights,3,Hill Point Avenue to Carl Street.,,https://photos.app.goo.gl/wKu7SmFLH5DP3wR4A,,
,Parnassus Heights,3,"Kirkham at 4th Ave., up to 1550 5th Ave., behind UC Medical School.",,https://photos.app.goo.gl/fF7J3idGmdjGX2HR7,,
,Parnassus Heights,2,Grattan Playground,,https://photos.app.goo.gl/eAQq6zSYAC3Ue88Q9,,
,Parnassus Heights,1,Belmont Ave./Edgewood & Willard. One stairway on either side of the street.,,https://photos.app.goo.gl/HUX785CSvdtx6Vei9,,
,Portola,3,Dwight/Goettingen & Hamilton.,,https://photos.app.goo.gl/LyVwFPB6Becg5siH7,,
,Portola,3,Goettingen & Dwight.,,https://photos.app.goo.gl/LKYCyv9fxanf2gxS6,,
,Portola,2,Campus Lane/Princeton & Burrows.,,https://photos.app.goo.gl/cJe9jf97yrfEtZ2u8,,
,Portola,2,"Felton/Colby & Dartmouth, to dirt path on south side of street.",,"https://photos.app.goo.gl/n9utS2XuL2LHkURe7
Photo by Brett Lider",,
,Portola,1,"Burrows St. at eastern end, into Burrows Pocket Park.",,https://photos.app.goo.gl/6NGqZMncuFzy2qst5,,
,Potrero Hill,4,"Kansas/22nd & 21st Sts., from No. 980 to No. 965 Kansas.",,https://photos.app.goo.gl/C8QSRVk4toiZ2Ne56,,
,Potrero Hill,4,"McKinley Square Playground. San Bruno at 20th St., into square.",,https://photos.app.goo.gl/6x8v3BYoY6YpLFkr8,,
,Potrero Hill,4,Vermont/20th St. to 22nd St.,,https://photos.app.goo.gl/xepXYfUrmfpjfkpSA,,
,Potrero Hill,3,"22nd St./ Wisconsin & Connecticut, into Potrero Hill Recreation Center.",,https://photos.app.goo.gl/QzCczbU9Z7gXSwHA6,,
,Potrero Hill,3,23rd St./Carolina & Wisconsin. Up to Wisconsin.,,https://photos.app.goo.gl/pQq8aQh1Fr7qkdZp8,,
,Potrero Hill,3,23rd St./Lower Carolina & Upper Carolina.,,https://photos.app.goo.gl/LmpZh4NDSm9iX79L8,,
,Potrero Hill,3,Carolina at Southern Heights.,,https://photos.app.goo.gl/vgJ73jXBtQgWA75G9,,
,Potrero Hill,3,Carolina/19th & 20th Sts.,,https://photos.app.goo.gl/K6w8ycEBbEzhqoUn7 Photo by Betty Yee.,,
,Potrero Hill,3,Lower Carolina & Upper Carolina/22nd & 23rd.,,https://photos.app.goo.gl/UjkauZWmPxpq5Yez9,,
,Potrero Hill,3,"McKinley Square Playground. Vermont at 20th St., into square.",,https://photos.app.goo.gl/YRDNE2UPf2fzaGva7,,
,Potrero Hill,3,Vermont Street. West side at end of curvy section. Large mural.,,https://photos.app.goo.gl/o6i8hJsYQBQ4Wy7K6,,
,Potrero Hill,2,19th St./De Haro & Rhode island. On a dirt road!,,https://photos.app.goo.gl/Vz1Pzhi7XQrDNvwq6,,
,Potrero Hill,2,22nd St./Kansas & Rhode Island. Sidewalk stairways.,,https://photos.app.goo.gl/JVn3ExrAkQSyzgw19,,
,Potrero Hill,2,23rd St./Carolina & Wisconsin. Sidewalk stairway.,,https://photos.app.goo.gl/1DLY5WMtFUGDmNbi8,,
,Potrero Hill,2,24th St/Rhode Island & De Haro. Sidewalk stairways on both sides of street.,,https://photos.app.goo.gl/uiWQogFK3yNXjkhJ9,,
,Potrero Hill,2,Mariposa/Utah & Potrero. Sidewalk stairway on one side of street.,,https://photos.app.goo.gl/XZAozYbUFV61ujWk7,,
,Potrero Hill,2,McKinley Square. Multiple stairways throughout park.,,https://photos.app.goo.gl/fCYKaesVGd84MViw8,,
,Potrero Hill,2,Rhode Island/25th and 26th Streets. Multiple stairways along the block.,,https://photos.app.goo.gl/nkS9DWdyC2F3mfXm9,,
,Potrero Hill,1,"Connecticut (end), up to Arkansas at 22nd St. Stairway",,https://photos.app.goo.gl/79U6gxU47jwsFCcXA,,
,Potrero Hill,1,Fallen Bridge Park near 18th and Utah,,https://photos.app.goo.gl/r3Fq9RbQ5xiso4qM7,,
,Presidio,4,Baker Beach Sand Ladder.,,https://photos.app.goo.gl/Fwr5aCZJqBDb8aNi9,,
,Presidio,4,Battery Bluff Park. Down to Battery Slaughter.,,https://photos.app.goo.gl/UwHJ1mgR8UD2TvUG9,,
,Presidio,4,Battery Bluff Park. Park Trail Connector stairway.,,https://photos.app.goo.gl/pJFizNsfxoBVdfWD6,,
,Presidio,4,Connector trail below Immigrant Point Overlook.,,https://photos.app.goo.gl/72DNxjSWA13w5CA46,,
,Presidio,4,Letterman Digital Arts Center. Gorgas Gate at Gorgas & Lyon.,,https://photos.app.goo.gl/6WpVQAxmxyVM92DH9,,
,Presidio,4,Letterman Digital Arts Center. Park Garden/Chestnut & Francisco.,,https://photos.app.goo.gl/sFfnwCDV1in923fh6,,
,Presidio,4,Park Trail between SF National Cemetery Overlook and Park Blvd.,,https://photos.app.goo.gl/Vd6PcfCDujLNmGnF7,,
,Presidio,3,Amatury Loop/Nauman Rd. & Park Blvd.,,https://photos.app.goo.gl/dS9T51cejvyGjXwq9,,
,Presidio,3,Connector Trail. Lincoln Blvd./Pershing Drive. Few stair sections.,,https://photos.app.goo.gl/kMhTnK4pVW4BxqBh7,,
,Presidio,3,Fisher Loop. Next to Golden Gate Club.,,https://photos.app.goo.gl/iSXhGevGXncVy7j5A,,
,Presidio,3,Gibbon Ct.,,https://photos.app.goo.gl/RpG51Z3Yan8qrken6,,
,Presidio,3,Infantry Terrace up to Presidio Chapel and Fisher Loop.,,https://photos.app.goo.gl/v65E7LUnJeKF79Xz9,,
,Presidio,3,Infantry Terrace. Down to tennis courts from east side.,,https://photos.app.goo.gl/BCCU5nuGZCWhsoRH8,,
,Presidio,3,Infantry Terrace. Down to tennis courts from west side.,,https://photos.app.goo.gl/NE9yaenhVifDL2z28,,
,Presidio,3,"Korean War Memorial, at back.",,https://photos.app.goo.gl/yPG32FUoEnmhCiWZ9,,
,Presidio,3,"Lendrum Court, near Armistead Road.",,"https://photos.app.goo.gl/6XL6DnMk7cjyJEfY8
Photo by Brett Lider",,
,Presidio,3,"Lobos Creek Valley Trail, into cypress grove.",,https://photos.app.goo.gl/ePAGTjag2fBPU4cb9,,
,Presidio,3,Long Avenue up to Battery East Trail.,,https://photos.app.goo.gl/sJRCJFhYLnci6ZAX8,,
,Presidio,3,"MacArthur Ave., to end at El Polin Spring.",,https://photos.app.goo.gl/ywCcRbciA7RT7Tb3A,,
,Presidio,3,Merchant & Lincoln.,,https://photos.app.goo.gl/zLKL1rHadzMJozHh8,,
,Presidio,3,Moraga/Funston & Barnard.,,https://photos.app.goo.gl/JzReVP7duej9enhw7,,
,Presidio,3,"Sibert Loop, stairway to parking lot. Stairway in background. Photo by Brett Lider.",,https://photos.app.goo.gl/L9FYUuRzWKaNAi336,,
,Presidio,3,Simonds Loop East,,https://photos.app.goo.gl/1DVKyDpK3Aj32uCdA,,
,Presidio,3,Simonds Loop West. Photo by Brett Lider.,,https://photos.app.goo.gl/3UNvSjnbMmuJk7xt8,,
,Presidio,2,8th Ave./Lake & Mountain Lake Park.,,https://photos.app.goo.gl/aXcoPCtMVJSuwGxf6, ,
,Presidio,2,Baker Beach. Battery Chamberlin. Numerous small stairways on battery. Photo by Brett Lider,,https://photos.app.goo.gl/wSycZ8fKwW6erRa47,,
,Presidio,2,"Battery Bluff Park Overlook. Stairway is just three steps, but view of Golden Gate Bridge is great!",,https://photos.app.goo.gl/cV4p9sni937F7vyd9,,
,Presidio,2,Battery Bluff Park. Down to Battery Blaney.,,https://photos.app.goo.gl/XQJBqXpP37sRcRWL9,,
,Presidio,2,Battery Bluff Park. Lincoln Boulevard entrance across from San Francisco National Cemetery.,,https://photos.app.goo.gl/Gc3ArJTn5ChC7Pf16,,
,Presidio,2,Battery Boutelle,,https://photos.app.goo.gl/etce5M8rP17ykup68,,
,Presidio,2,Battery East Trail. Few steps on either side of tunnel.,,https://photos.app.goo.gl/AtAqnRzxoooXt7Ky9,,
,Presidio,2,Battery East. ,,https://photos.app.goo.gl/mubYVK6h41NZXDDXA,,
,Presidio,2,Battery Godfrey,,,,
,Presidio,2,Battery Marcus Miller - number of stairways around battery,,https://photos.app.goo.gl/XFyhvLKg7957AXPP7,,
,Presidio,2,Belles Street. Stairway to nowhere. (Probably connected to Marine Cemetery Vista stairway at some point.),,https://photos.app.goo.gl/pC3GAJQvKurLNiCdA,,
,Presidio,2,Connecting Belles and Hays Streets.,,https://photos.app.goo.gl/K6msVqi9csuaU74EA,,
,Presidio,2,"Cranston Road, to Battery Cranston Road parking lot.",,https://photos.app.goo.gl/eqc6zYPwSGfQwgSq8,,
,Presidio,2,Crissy Field. East of Marine Drive.,,https://photos.app.goo.gl/MXR6wTiNWLedf1Ea7,,
,Presidio,2,"Ecology Trail, up to Inspiration Point.",,https://photos.app.goo.gl/u6dAR8pVwW3WLcKQA,,
,Presidio,2,"Fort Point, near restrooms",6,https://photos.app.goo.gl/Umhdjg3jxkkXe3C98,,
,Presidio,2,Golden Gate Bridge Postcard Viewpoint.,,https://photos.app.goo.gl/56EFy1pSrg6cLccd7,,
,Presidio,2,Golden Gate Bridge Welcome Stairs. Up to Round House Cafe.,,https://photos.app.goo.gl/uir1NxHpHSoYW1pn6,,
,Presidio,2,Golden Gate Bridge. Few stairs north of Round House Cafe.,,https://photos.app.goo.gl/B59sMSdwgZ2DawU4A,,
,Presidio,2,Golden Gate Bridge. From Strauss Plaza to Battery East Trail.,,https://photos.app.goo.gl/YKmoxEdcaoQ384Xm6,,
,Presidio,2,Golden Gate Bridge. Next to Joseph Strauss Statue.,,https://photos.app.goo.gl/KRgugvLJaR8B1xKU8,,
,Presidio,2,Golden Gate Bridge. Steps down to Battery Lancaster.,,https://photos.app.goo.gl/xESB3bdLPmKswbXc8,,
,Presidio,2,Golden Gate Bridge. Viewing platform above Battery Lancaster.,,https://photos.app.goo.gl/m3ynH9FLYygh7znW7,,
,Presidio,2,Golden Gate Overlook,,https://photos.app.goo.gl/XytWJksnKq3oxMkq8,,
,Presidio,2,"Hoffman St., up to Lendrum Court.",,https://photos.app.goo.gl/soCL4UobHrPHDkvd9,,
,Presidio,2,Just east of Marine Cemetery Vista. Stairway to nowhere. (Probably connected to Belles Street at some point.),,https://photos.app.goo.gl/JWS3EYSy7YsyRKTq7,,
,Presidio,2,"Lendrum Court, at end.",,"https://photos.app.goo.gl/CJ2mnGrTDgZyEZqM7
Photo by Brett Lider",,
,Presidio,2,Lincoln & Keyes.,,https://photos.app.goo.gl/eC1UQs2jxcxFj1tv6,,
,Presidio,2,Lincoln Blvd./Hoffman & Battery East Parking Lot.,,https://photos.app.goo.gl/N8anoFBjXFtLDeFd6,,
,Presidio,2,Lyon/Broadway & Pacific. Over fence lining west side of Lyon.,,https://photos.app.goo.gl/3ThH5nwk2oCKA1mD8,,
,Presidio,2,Marine Cemetery Vista Overlook.,,https://photos.app.goo.gl/2jHwE86nwmo3E6Be7,,
,Presidio,2,Mountain Lake Trail/7th & 8th Aves.,,https://photos.app.goo.gl/YmZyJRLnhfoCT7668,,
,Presidio,2,Mountain Lake. Near playground down to lake.,,https://photos.app.goo.gl/gJ91xWXwru8emFiKA,,
,Presidio,2,Multiple stairways in Baker Beach Apartments area. Up from Lincoln and between Pershing & Stilwell.,,https://photos.app.goo.gl/pf7pKJYstqBBrQYb6,,
,Presidio,2,Park Trail up to Marine Cemetery Vista. (Also accessible from Wyman Ave.),,https://photos.app.goo.gl/nh3fHVv53TtiyLAA9,,
,Presidio,2,Path between Arguello and Infantry Terrace.,,https://photos.app.goo.gl/Yiof9z33VD8wDAvg9,,
,Presidio,2,"Paul Goode Field, near restrooms.",,https://photos.app.goo.gl/bGuqC36FWqgHjVgp6,,
,Presidio,2,"Presidio Blvd. at Nos. 548-550, near MacArthur Ave./Lombard & Lincoln Blvd.",,https://photos.app.goo.gl/6phcBWuRPs9YAKH27,,
,Presidio,2,Presidio Boulevard & MacArthur Avenue.,,https://photos.app.goo.gl/cUCWPi9WWHwk4AUcA,,
,Presidio,2,Rob Hill Campground. Wood stairway toward the end of Central Magazine Drive.,,https://photos.app.goo.gl/EkmbXYbg9geo4nhR7,,
,Presidio,2,Sanches Street.,,"https://photos.app.goo.gl/42uE13mHWnnjdYT68
Photo by Brett Lider",,
,Presidio,2,"Sumner Ave, north of Liggett Ave.",,"https://photos.app.goo.gl/zgKGtUuNYiWVmatW8 
Photo by Brett Lider",,
,Presidio,2,"Thornburg Road, at end.",,"https://photos.app.goo.gl/H1XuYtqEMesexEhN9
Photo by Brett Lider",,
,Presidio,2,Wallen Street. Photo by Brett Lider.,,https://photos.app.goo.gl/qr1r4uVjepqDCQdq6,,
,Presidio,2,Washington Boulevard to Dudley Rd./Nauman & Deems. Photo by Brett Lider.,,https://photos.app.goo.gl/WqXki8KUciZDsB4v5 ,,
,Presidio,2,Washintgon Boulevard to Piper Loop. Park Boulevard & Nauman Road. Photo by Brett Lider.,,https://photos.app.goo.gl/P7Rid27s3G5bhhjN7,,
,Presidio,2,"Wisser Court, few stairways along street",10-11,"https://photos.app.goo.gl/jgFA6wyujUnN5t7S6 https://photos.app.goo.gl/MMZ9DakxsJ1YnLrM9
",,
,Presidio,1,"Arguello Blvd./Moraga & Sheridan Aves., up to Pershing Square.",,https://photos.app.goo.gl/7w8tYYF5GsBu4Uz88,,
,Presidio,1,Bowman Trail,,https://photos.app.goo.gl/bdkx3KYQZ3xGkQqD6,,
,Presidio,1,Cherry Street at Pacific Aveune.,,https://photos.app.goo.gl/WS3C9MgnUxvNjTF19,,
,Presidio,1,Golden Gate Bridge. Few steps between Golden Gate Bridge Outdoor Exhibition and Highway 101.,,https://photos.app.goo.gl/1tTKMYQZJyghVy4v7,,
,Presidio,1,Golden Gate Transit Stairway East,,https://photos.app.goo.gl/7Ka4yY16KNw1NV5S8,,
,Presidio,1,Golden Gate Transit Stairway West,,https://photos.app.goo.gl/Tq9df5sjGnFXkeUS7,,
,Presidio,1,"Gorgas Ave., near intersection with O'Reilly Ave.",,https://photos.app.goo.gl/xpF9MEctXSHJDBs38,,
,Presidio,1,"Hoffman Street, up to Ramsel Court",,https://photos.app.goo.gl/L7qomP3GnnRN4eC39,,
,Presidio,1,"Keyes Ave., near intersection with Mesa.",,https://photos.app.goo.gl/p4LPvn6dt6cjYNgC6,,
,Presidio,1,Lincoln & Mesa.,,,,
,Presidio,1,MacArthur Ave. near Portola Street.,,https://photos.app.goo.gl/DHiftvSYULUxqdi8A,,
,Presidio,1,Mountain Lake Trail near Mountain Lake.,,https://photos.app.goo.gl/vFWogaywpWyBjN7D7,,
,Presidio,1,Parking area between Taylor Road & Infantry Terrace/Bliss St. & Sheridan Ave. Two stairways.,,https://photos.app.goo.gl/xXJhxHhzqdYtg2Ye7,,
,Presidio,1,Path up to Arguello Bouelvard near Infantry Terrace.,,https://photos.app.goo.gl/2oGPurjaHKJaRuv46,,
,Presidio,1,Path west of intersection of Shafter Rd. and Rawles St.,,https://photos.app.goo.gl/cAjNPiBcgn8XbQ4T9,,
,Presidio,1,Presidio Bowl parking lot. Montgomery Street/Bliss Rd. & Sheridan Ave.,,https://photos.app.goo.gl/xXJhxHhzqdYtg2Ye7,,
,Presidio,1,Ralston Ave. South of Presidio Natural Resources Building.,,,,
,Presidio,1,Ralston Avenue. Few stairways.,,https://photos.app.goo.gl/rdduavoiUcwZnz2P6,,
,Presidio,1,"Sibert Loop, stairway to nowhere. Stairway in foreground. Photo by Brett Lider.",,https://photos.app.goo.gl/L9FYUuRzWKaNAi336,,
,Presidio,1,South of Schofield Road.,,https://photos.app.goo.gl/sjnwVcDUyGpSq5QXA,,
,Presidio,1,"Thornburg Road, to the side of building 1059.",,https://photos.app.goo.gl/6bwyvS6guathmdhf7,,
,Presidio,1,"Torney Avenue, Just west of #1016. Near the intersection of Lincoln & Torney.",,https://photos.app.goo.gl/qcdWwbfLhguXeGdM8,,
,Presidio,1,Upton Avenue up to Ralston Avenue,,https://photos.app.goo.gl/qPYKriZNonvKVGW17,,
,Richmond,5,"California/32nd Ave. & golf course, to Lincoln Park. The Lincoln Park Mosaic Steps.",52,https://photos.app.goo.gl/5LPgCpyJoRBCrpkm8,,
,Richmond,5,Sutro Heights Park. Three stairways on stone parapet.,,https://photos.app.goo.gl/57duA6SLNWhSdwRh6,,
,Richmond,4,3rd Ave. Nos. 1-11 at Lake.,,https://photos.app.goo.gl/48E1QokiFdYxQceK7,,
,Richmond,4,Sutro Heights Park. Near Balboa/No. 641 48th Ave. & LaPlaya.,,https://photos.app.goo.gl/5cy8JPnT8wtjTMGS7,,
,Richmond,2,"11th Ave., down into Mountain Lake Park.",,https://photos.app.goo.gl/rD5Fiqc7etEfiqD6A,,
,Richmond,2,"37th and Fulton, up to Golden Gate Park Senior Center.",,https://photos.app.goo.gl/Ms9FnccjQHVXH7Q58,,
,Richmond,2,48th Ave. & Balboa. Sidewalk stairway on both sides of street.,,https://photos.app.goo.gl/hE77APUGna5uLBi7A,,
,Richmond,2,Clement and 40th. To VA Medical Center.,,https://photos.app.goo.gl/Z8ahZ9pbyPFoG4hn6,,
,Richmond,2,Clement/43rd and 44th Aves. up to VA Medical Center.,,https://photos.app.goo.gl/aaJfqNGaFP63vXgd6,,
,Richmond,2,Great Highway/Balboa & Lincoln Way. Multiple stairways leading down to Ocean Beach.,,https://photos.app.goo.gl/ZyyaxjagU1VM4YTU8,,
,Richmond,1,21st Avenue at end. Two stairways on east side of block.,,https://photos.app.goo.gl/pJyfdk3Va4YTdmo49 and https://photos.app.goo.gl/BPU35G1iorb6ckeTA,,
,Russian Hill,5,Chestnut/Polk & Larkin.,,https://photos.app.goo.gl/o9ms4JDAQASEiWHt5,,
,Russian Hill,5,Filbert/Hyde & Leavenworth. Sidewalk stairway on both sides of street.,,https://photos.app.goo.gl/EqZgHU1JDkVt6Dgw9,,
,Russian Hill,5,Francisco/Upper Leavenworth & Hyde.,,https://photos.app.goo.gl/63mHZSHe2e4saD4R8,,
,Russian Hill,5,Greenwich/Hyde & Larkin.,,https://photos.app.goo.gl/QW6j11UVZGHodP4k6,,
,Russian Hill,5,Greenwich/Hyde & Leavenworth.,,https://photos.app.goo.gl/YFgawLmWHcTFTaa46,,
,Russian Hill,5,Jones/Filbert & Union & Green. Sidewalk stairway.,,https://photos.app.goo.gl/gb7gCbZ7h8SW7aAe9,,
,Russian Hill,5,Lombard/Hyde & Leavenworth. On both sides of curvy section of Lombard Street.,,https://photos.app.goo.gl/dk5VqPh43QrfkeC17,,
,Russian Hill,5,Macondray Lane/Jones & Taylor.,,https://photos.app.goo.gl/DfAHJxPVaKBDLoNG9,,
,Russian Hill,5,Vallejo/Jones & Taylor.,,https://photos.app.goo.gl/ifxSo8ZNcjc1Ff5C9,,
,Russian Hill,5,"Vallejo/Mason & Taylor, into Ina Coolbrith Park.",,https://photos.app.goo.gl/U7zYy6JV8Ss39VzQ7,,
,Russian Hill,4,"Green/Jones & Taylor, next to No. 940 Green.",,https://photos.app.goo.gl/JMJcGHt3nsaTTymeA,,
,Russian Hill,4,"Havens/Leavenworth & Hyde, in cul-de-sac.",,https://photos.app.goo.gl/5RMpSUYs5ktCZjf5A,,
,Russian Hill,4,Ina Coolbrith Park. Stairways in interior of park.,,https://photos.app.goo.gl/8axbmQQar7agPw6q9,,
,Russian Hill,4,Larkin/Francisco & Bay.,,https://photos.app.goo.gl/WvEiDvVCsg3z74BeA,,
,Russian Hill,3,Broadway/Jones and Taylor. Sidewalk stairways on both sides of street.,,https://photos.app.goo.gl/sm9tgRcWkvRDLeZY7,,
,Russian Hill,3,Culebra Terrace/No.1250 Lombard & Chestnut.,,https://photos.app.goo.gl/QYfqEsWUNSS9Qfxw7,,
,Russian Hill,3,Fallon Place.,,https://photos.app.goo.gl/8GHkgvhaQat5D7mh9,,
,Russian Hill,3,Fay Park interior. Attached to gazebos.,,https://photos.app.goo.gl/SCYduiUa8CQRgJem9,,
,Russian Hill,3,Florence at Vallejo.,,https://photos.app.goo.gl/4thJYqdiKL9FQRhWA,,
,Russian Hill,3,Florence/Broadway & Vallejo.,,https://photos.app.goo.gl/9JUW1sjaMGBibWXD8,,
,Russian Hill,3,Francisco Park. Exiting the park on Hyde Street at Francisco Street.,,https://photos.app.goo.gl/1ezQyodjdLwzQR6W6,,
,Russian Hill,3,Francisco/Lower Leavenworth & Francisco.,,https://photos.app.goo.gl/LtCBMu9sEg4SYEt88,,
,Russian Hill,3,"Larkin/Chestnut & Francisco, beginning at No. 2745 Larkin.",,https://photos.app.goo.gl/ZztDBdzU2ynu5TJn9,,
,Russian Hill,3,Macondray Lane/Leavenworth & Jones.,,https://photos.app.goo.gl/xibyzKmkGjipXhXD7,,
,Russian Hill,3,Molinari Mana Park. Redfield Alley & Marion Pl.,,https://photos.app.goo.gl/iQ7VoLU4o28wWWgf8,,
,Russian Hill,3,Montclair Terrace/Lombard & Chestnut.,,https://photos.app.goo.gl/VQnxTuZ2w6Z4MbXK9,,
,Russian Hill,3,Russian Hill Park at Bay/Hyde & Larkin.,,https://photos.app.goo.gl/RuPKVzz5CczsJEnF8,,
,Russian Hill,3,Upper to Lower Jones at Vallejo.,,https://photos.app.goo.gl/L1cJZebTtdSUP26J7,,
,Russian Hill,3,Vallejo between summit of Russian Hill and Russian Hill Place. Few of stairways along block.,,https://photos.app.goo.gl/KDzbGjASuzhHbdzv6,,
,Russian Hill,2,Broadway Tunnel East Mini Park/Himmelman Place at Broadway.,,https://photos.app.goo.gl/UMPrKgYB6LYvTV7x9,,
,Russian Hill,2,George Sterling Park at Larkin & Lombard.,,https://photos.app.goo.gl/wRX4dqRZPAFbiWVaA,,
,Russian Hill,2,George Sterling Park. Hyde and Greenwich into park.,,https://photos.app.goo.gl/8KXQENu2UdDD2EGJA,,
,Russian Hill,2,George Sterling Park. Steps up to tennis courts.,,https://photos.app.goo.gl/7icGC6Y49mZ634FEA,,
,Russian Hill,2,George Sterling Park. Two stairways west of tennis courts.,,https://photos.app.goo.gl/LdfA1BczY91QvxRh9,,
,Russian Hill,2,Himmelman Place to Salmon.,,https://photos.app.goo.gl/MLZXZVDXJRAcDafM8,,
,Russian Hill,2,Hyde & Francisco. Just a few steps.,,https://photos.app.goo.gl/1ezQyodjdLwzQR6W6,,
,Russian Hill,2,"Hyde and Greenwich, southwest corner.",,https://photos.app.goo.gl/DsZA4Wo8ov2E65E18,,
,Russian Hill,2,Hyde/Vallejo & Green. Hyde & Vallejo Mini Park.,,https://photos.app.goo.gl/Y9s2TUHD46KiSykM8,,
,Russian Hill,2,"Larkin/Lombard & Greenwich, into George Sterling Park.",,https://photos.app.goo.gl/ohium5BZnDJumDe99,,
,Russian Hill,2,Valparaiso/Filbert & Greenwich down to Taylor.,,https://photos.app.goo.gl/dPadmzu3e51MJ4vo6,,
,Russian Hill,1,Broadway Tunnel West Mini Park/Cyrus & Hyde.,,https://photos.app.goo.gl/UFgoYP9cLN2sPrBEA,,
,Russian Hill,1,Eaton Place at Green Street,,https://photos.app.goo.gl/31VpXGX9Uz1zz2Kv8,,
,Russian Hill,1,Greenwich/Leavenworth & Jones. Michaelangelo Playground. Two steps.,,https://photos.app.goo.gl/GMPbSGAHApm5Nf6n7,,
,Russian Hill,1,Hastings/Filbert & Union.,,"Not sure which is the public one!
https://photos.app.goo.gl/yMNVfF9FzfNFWcSR9
or https://photos.app.goo.gl/JFg59DbCPvSwuyrG6.",,
,Russian Hill,1,Houston/Jones & Columbus. End of Houston or next to 2430 Jones.,,https://photos.app.goo.gl/gGx7R2YuuFS5Utxv7,,
,Russian Hill,1,"Redfield Alley. (Stairway isn't great, but check out this dirt road!)",,https://photos.app.goo.gl/AA7uJ6EsJgyJUWHY6,,
,Russian Hill,1,Waldo Alley at Glover Street/Broadway and Vallejo St.,,https://photos.app.goo.gl/8gsS1b8seU979ob3A,,
,Seacliff,4,West side of China Beach parking lot down to beach.,,https://photos.app.goo.gl/ybqMpfPHWj7NaSEj9,,
,Seacliff,3,24th Ave./W. Clay St. & Lake St. Number of interesting stairways on west side of street.,,https://photos.app.goo.gl/joDH7Fdp76DzcQ7B7 and https://photos.app.goo.gl/1ypaUqmQQhHCnRic7,,
,Seacliff,3,Ansel Adams Historic Social Path between El Camino del Mar & 24th Ave.,,https://photos.app.goo.gl/nru9TNCfqiUs7JyN6,,
,Seacliff,2,"27th Ave. and Sea Cliff & Ave., at corner. Stairways on both sides of the intersection.",,"https://photos.app.goo.gl/6zNPK59tEvQ1ReBh8
https://photos.app.goo.gl/KLvEczq4XnWL6stq8",,
,Seacliff,2,"Sea Cliff Ave. at No. 330, linking Sea Cliff Ave. and El Camino del Mar.",,https://photos.app.goo.gl/bPnnZcBu5CkWTkyA7,,
,Seacliff,2,Sea Cliff Ave./26th & 27th Ave. Number of stairways along block.,,https://photos.app.goo.gl/oUmH54T98Y4arGN7A,,
,Seacliff,2,27th Ave./Sea Cliff Ave. & El Camino del Mar. Number of stairways along the west side of the street.,,https://photos.app.goo.gl/bVNw4V8uCM1ERMT69,,
,Seacliff,2,China Beach stairway down to beach.,,https://photos.app.goo.gl/1rtyejydf4otnfMG6,,
,Seacliff,2,China Beach. Few stairways at recreational building.,,https://photos.app.goo.gl/9VoJYS5xcMMBvCBk7,,
,Seacliff,2,El Camino del Mar/29th & 30th Ave. Three stairways along south side of street.,,https://photos.app.goo.gl/pLXYtnBute8RKa3m9,,
,Seacliff,2,Lake/EI Camino del Mar to 30th Ave. Multiple stairways along south side of Lake.,,https://photos.app.goo.gl/cjeJg8Pyc4z3eUbE7,,
,Seacliff,2,McLaren at 28th Avenue,,https://photos.app.goo.gl/74845uB2DooJb8Fa6,,
,Seacliff,2,North 25th Ave. to Baker Beach.,,https://photos.app.goo.gl/J1qBEWmx1R1K5aWG6,,
,Seacliff,2,Upper & Lower El Camino del Mar./Sea Cliff Ave. & 30th Ave. North stairway.,,https://photos.app.goo.gl/XXgvwK8F5X3jni2z5,,
,Seacliff,2,Upper & Lower El Camino del Mar./Sea Cliff Ave. & 30th Ave. North stairway.,,https://photos.app.goo.gl/1upm6gUQL4wxSnS48,,
,Seacliff,2,Upper and Lower Lake. El Camino del Mar & 30th Ave.,,https://photos.app.goo.gl/tWreZBd1oz8moFpq9,,
,South of Market,5,Yerba Buena Gardens. 4th Street. Howard & Folsom Streets. Three stairways with images printed on vinyl.,,"https://photos.app.goo.gl/9b7yhWE8qbFkiqk26
https://photos.app.goo.gl/2hEXN3JdJ4CqZjKY8
https://photos.app.goo.gl/aoYxx9uqXkrWTpAG9",,
,South of Market,3,"Beale/Main & Fremont to Harrison, opposite No. 228.",,https://photos.app.goo.gl/KvWQorygpnEWfUgB6,,
,South of Market,3,Bryant/1st St. & Rincon.,,,,
,South of Market,3,Yerba Buena Gardens. Howard/3rd & 4th Sts.,,,,
,South of Market,3,Yerba Buena Gardens/Mission between 3rd & 4th Sts.,,,,
,South of Market,3,Yerba Buena Lane at 757 Market to Mission/2nd & 3rd Sts. Two stairways on block.,,https://photos.app.goo.gl/RRLfgnreXYKwbceC7,,
,South of Market,2,Lansing/1st St. & Essex.,,https://photos.app.goo.gl/dsNv2mnbrt5PAfa67,,
,South of Market,2,Rincon Place. Elkhart at Main.,,https://photos.app.goo.gl/p77TeFppYyou1dYF8,,
,South of Market,2,"12th Street, near #98. Stairway on public plaza at Chorus Hall entrance.",6,https://photos.app.goo.gl/o6Tr8KuPzpoL1v9BA,,
,South of Market,1,South Van Ness at public plaza near Chorus Hall.,4,https://photos.app.goo.gl/gUFCD7rnpAqFvriYA,,
,South of Market,1,Yerba Buena Gardens Esplanade East Side.,,,,
,St. Francis Wood,5,Terrace Walk/San Anselmo & Yerba Buena.,,https://photos.app.goo.gl/nyZw2J87U5r6uYSH6,,
,St. Francis Wood,3,Junipero Serra Blvd./Darien & Monterey.,,https://photos.app.goo.gl/kFEgxx7XvdQrYBKg6,,
,St. Francis Wood,3,Portola/Santa Clara & Terrace Dr.,,https://photos.app.goo.gl/7iuAdS4DVG9UpAcc7,,
,St. Francis Wood,3,"St. Francis Blvd. at San Anselmo, Upper Fountain.",,https://photos.app.goo.gl/97MbG1FFjMmC15vs6,,
,St. Francis Wood,3,"St. Francis Blvd. at Santa Ana, Lower Fountain.",,https://photos.app.goo.gl/t52E6yJPgYifhVLy9,,
,St. Francis Wood,2,San Anselmo & Santa Ana at Portola.,,https://photos.app.goo.gl/nPXPF7seX3KCVCRe6,,
,St. Francis Wood,2,Santa Ana Ave./Portola & St. Francis Boulevard. A number of stairways along the block.,,https://photos.app.goo.gl/8nqxg4KCPK2dvDq28,,
,St. Francis Wood,2,San Anselmo/Santa Clara & San Buenaventura. Few stairways along the block.,,https://photos.app.goo.gl/uQwS3qzCCzp19hxq9,,
,St. Francis Wood,2,"Terrace Drive at Terrace Walk Stairway, down to tennis courts.",,https://photos.app.goo.gl/cGE9FeAUvJYL7WFB6,,
,St. Francis Wood,2,"Terrace Drive, opposite No. 141., down to tennis courts. Similar stairway on other side of courts.        ",,https://photos.app.goo.gl/exJ2APbGcuW96a6j8,,
,St. Francis Wood,1,San Anselmo/San Benito & Santa Clara. Two steps.,,https://photos.app.goo.gl/yDmx9NE1UQSsNkwS8,,
,St. Francis Wood,1,Stonestown Stairway/19th Ave. & Stonestown Galleria.,,https://photos.app.goo.gl/SzhU4hEpC5MkTZey6,,
,Sunnyside,5,"Next to No. 233 Joost, down to Monterey Blvd., via historic Sunnyside Conservatory.",,https://photos.app.goo.gl/pAvwah2KqmvdBmyx5,,
,Sunnyside,5,Upper Detroit Steps. Detroit/Joost & Monterey. Painted!,,Painted! https://photos.app.goo.gl/2zN7YqnkbUrNzXUy9. Pre-painting: https://photos.app.goo.gl/ecrT9v9sLCwd2sKo6,,
,Sunnyside,4,Baden and Joost Mini Park/Nos. 242 & 250 Joost and Nos. 149 & 151 Mangels.,,https://photos.app.goo.gl/Ey3P5zpjoTMhbmfA8,,
,Sunnyside,4,Detroit/Monterey & Hearst.,,https://photos.app.goo.gl/FVYLv6AKFQYxtWPP8,,
,Sunnyside,4,Melrose Stairway/Teresita to MangeIs to Sunnyside Playground.,,https://photos.app.goo.gl/gPiV6o9bLDPfu7f96,,
,Sunnyside,3,Foerster up from Melrose. Multiple flights of stairs. Interesting circular block.,,https://photos.app.goo.gl/cynsa6rBV1J6hMcf8,,
,Sunnyside,3,Sunnyside Recreation Center. Melrose to Mangels.,,https://photos.app.goo.gl/DVuLbzDnfNs3Ax7c7,,
,Sunnyside,2,Congo @ Mangels. Need to double check if these are private.,,https://photos.app.goo.gl/QLnrqVj29By7ahLj6,,
,Sunnyside,2,Monterey: Upper Monterey to Lower Monterey at Miramar.,,https://photos.app.goo.gl/gcrjRpdcvsvDTUXL9,,
,Sunnyside,1,Congo at Monterey. Few steps for no apparent reason. ;),4,https://photos.app.goo.gl/K7V35hnDuprtg6zd7,,
,Sunnyside,1,"Foerster at Melrose, across from Sunnyside Playground. Two steps.",,https://photos.app.goo.gl/XQ6v821sreX3MULe9,,
,Sunset (Outer),1,"Sunset Recreation Center. 28th Ave., down to center and basketball courts.",5,https://photos.app.goo.gl/3eyhHoZbKVfX2SVy9,,
,Sunset (Outer),1,"Sunset Recreation Center. 29th Ave., just north of tennis courts.",10,https://photos.app.goo.gl/MdR1TbFs3MyndQRa7,,
,Telegraph Hill,5,Filbert/Telegraph Hill Blvd. & Montgomery & Sansome. The Filbert Street Steps.,,https://photos.app.goo.gl/K6A2DGemBTCbMHUCA,,
,Telegraph Hill,5,"Filbert/Varennes & Kearny, sidewalk stairways on both sides of the street.",,https://photos.app.goo.gl/PYWdB5m5CH8RoAY16 and https://photos.app.goo.gl/LwcRc1PrHzyEtWyz6,,
,Telegraph Hill,5,Greenwich/Telegraph Hill Blvd. & Montgomery & Sansome. The Greenwich Street Steps.,,https://photos.app.goo.gl/SVGgFpaMKSdj7TZw5,,
,Telegraph Hill,5,"Lombard at Telegraph Hill Blvd., near Kearny.",,https://photos.app.goo.gl/KvBZLFJ16RtpEMAs6,,
,Telegraph Hill,4,Coit Tower path (west side) down to Telegraph Hill Blvd.,,https://photos.app.goo.gl/U6fHBhbe524hkQpx7,,
,Telegraph Hill,4,Coit Tower. Down to path (west side).,,https://photos.app.goo.gl/bSY6GnZFQahdRJhV9,,
,Telegraph Hill,4,Coit Tower. Rear path to Telegraph Hill Blvd. (south side).,,https://photos.app.goo.gl/mU8FhdQ2cpE99s689,,
,Telegraph Hill,4,Francisco/Kearny & Grant.,,https://photos.app.goo.gl/ckgEYLJePcgiTnNn9,,
,Telegraph Hill,4,Grant/Francisco & Chestnut. Into Jack Early Park.,,https://photos.app.goo.gl/Af1MASVWRcASb9oM8,,
,Telegraph Hill,4,Greenwich/Grant & Telegraph Hill Blvd. Multiple stairways along block,,https://photos.app.goo.gl/pNopE1Uiu9Up3hK87,,
,Telegraph Hill,4,Montgomery/Green & Union.,,https://photos.app.goo.gl/g3D3FoKQF9fEjeEB6,,
,Telegraph Hill,4,Telegraph Hill Blvd. at Greenwich Stairway (west side).,,https://photos.app.goo.gl/XvYb3a1k2bbL8pEL8,,
,Telegraph Hill,4,Union/Calhoun & east cliff of Telegraph Hill.,,https://photos.app.goo.gl/v1iVWdATaKjfLAox9,,
,Telegraph Hill,4,Vallejo/Montgomery & Kearny.,,https://photos.app.goo.gl/D7zmdVd4PorwgUVw5,,
,Telegraph Hill,3,Child/Lombard & Telegraph Place.,,https://photos.app.goo.gl/WZv1Q2smyPe11LTy9,,
,Telegraph Hill,3,Coit Tower. Paved Path up to Rear lawn.,,https://photos.app.goo.gl/V17VZkuK7f9EPKWs5,,
,Telegraph Hill,3,Coit Tower. Rear lawn area. Pioneer Park.,,https://photos.app.goo.gl/KNZwm2Y7aNGmAquD9,,
,Telegraph Hill,3,Filbert/Grant & Varennes. Sidewalk stairway.,,https://photos.app.goo.gl/MFpQTUrQ727VNLKAA,,
,Telegraph Hill,3,Filbert/Kearny & Telegraph Hill Blvd.,,https://photos.app.goo.gl/PhtvzsaCGzNK1jDz8,,
,Telegraph Hill,3,Jack Micheline Place (formerly Pardee Alley)/Grant & Kramer.,,https://photos.app.goo.gl/ynus5qtX7pRt5yuo9,,
,Telegraph Hill,3,Julius/Lombard & Whiting.,,https://photos.app.goo.gl/GQzggBkc2EtsufYT6,,
,Telegraph Hill,2,Bartol Alley at No. 379 Broadway to Vallejo.,,https://photos.app.goo.gl/ZPDbNRpwKoKBsXBQ7,,
,Telegraph Hill,2,Coit Tower. Entrance (north side).,,https://photos.app.goo.gl/tNW9QFKrpU8NFmtPA,,
,Telegraph Hill,2,Coit Tower. Pioneer Park north side along walking on circular part of Telegraph Hill Blvd.,,https://photos.app.goo.gl/6o5RySi6zLaRzq6w5,,
,Telegraph Hill,2,Filbert Street at Genoa Place. Few steps in the sidewalk.,10,https://photos.app.goo.gl/m4L9ysYyoQ5LrCVa6,,
,Telegraph Hill,2,San Antonio Place/Vallejo & Kearny.,,https://photos.app.goo.gl/Kq72efKAv6f7maDL8,,
,Telegraph Hill,2,Union at Sansome.,,https://photos.app.goo.gl/J86Xat9EoLacjbJt9,,
,Telegraph Hill,1,Fresno St./Romolo & Kearny. Two steps.,,https://photos.app.goo.gl/54zFywWwbtbhme7b6,,
,Telegraph Hill,1,Hodges Alley. Two steps.,,https://photos.app.goo.gl/hSYTB9Txy3ra3wBt7,,
,Telegraph Hill,1,"Krausgrill at Filbert, near Stockton.",,https://photos.app.goo.gl/spGeuNLhj7zpBKNE7,,
,Telegraph Hill,1,Pollard and Vallejo. Two steps in sidewalk,,https://photos.app.goo.gl/JbYR8cwN9BvsRJkz6,,
,Telegraph Hill,1,Sansome St./Broadway & Pacific. One step!,,https://photos.app.goo.gl/5VivX3hGXV8Axg5TA,,
,Telegraph Hill,1,Union at Icehouse Alley/Sansome & Battery.,,https://photos.app.goo.gl/frReLKBBQuqG2xUKA,,
,Telegraph Hill,1,Vallejo at No. 474/Montgomery & Kearny.,,https://photos.app.goo.gl/RBWMuhT6sVeSwaz46,,
,Telegraph Hill,1,Vallejo/Sansome & Battery at Cowell.,,https://photos.app.goo.gl/qX1H87zDs2Z9tZbZ7,,
,Twin Peaks,5,Pemberton Place/Crown & Clayton.,,https://photos.app.goo.gl/8cTfJUfBT9WxzzJH6,,
,Twin Peaks,5,Twin Peaks: Eureka Peak.,,https://photos.app.goo.gl/bvEDyRapQtDpvF5x8,,
,Twin Peaks,5,Twin Peaks: Noe Peak.,,https://photos.app.goo.gl/qwMR8tTmkj4Nr8Zq9,,
,Twin Peaks,4,Clayton at Corbett. Alongside community garden.,,https://photos.app.goo.gl/g9MJYRn39rVAi7bCA,,
,Twin Peaks,4,Crestline across from no. 74. Wood stairs up to Twin Peaks Blvd.,,"https://photos.app.goo.gl/AzoKT9Z2QVhs4azq5
and
https://photos.app.goo.gl/3CLPDCfqw2YUgUmM6",,
,Twin Peaks,4,"Iron Alley/No. 495 Corbett & No. 1499 Clayton, with an extension to Graystone.",,https://photos.app.goo.gl/CuBp375TYYZnw8Lb8,,
,Twin Peaks,4,Stanyan at Clarendon.,,https://photos.app.goo.gl/tXsgRTJpatpqPJ9M9,,
,Twin Peaks,4,"Twin Peaks Blvd. (lower) to Twin Peaks Blvd. (upper), opposite the end of Midcrest.",,https://photos.app.goo.gl/KvJJQRW27Bsro1En9,,
,Twin Peaks,4,Twin Peaks Boulevard up to Noe Peak.,,https://photos.app.goo.gl/LGQEXXsPFCg1AdmW9,,
,Twin Peaks,3,Argent Alley at Corbett & Hopkins. Leads down to a dirt road.,,https://photos.app.goo.gl/X66ci4LDsnVKqgnX9,,
,Twin Peaks,3,Clayton & Market.,,https://photos.app.goo.gl/6BrUvKFaC1mhPMx6A,,
,Twin Peaks,3,"Copper/Graystone & Corbett, next to No. 301 Graystone & No. 592 Corbett.",,https://photos.app.goo.gl/YcSC5XestdP1RGVf6,,
,Twin Peaks,3,"Cuesta Court, No. 42 to 959 Corbett.",,https://photos.app.goo.gl/cgoA8K2tVMo5N9i78,,
,Twin Peaks,3,Twin Peaks Blvd. and Raccoon Dr.,,https://photos.app.goo.gl/91HWyHREnimQLzpW9,,
,Twin Peaks,3,"Twin Peaks Blvd., next to No. 192, opposite Crown Terrace up to Tank Hill.",,https://photos.app.goo.gl/MyVmLCSEEHpzwsfG6,,
,Twin Peaks,2,Burnett at Hopkins to Upper Burnett to Gardenside at No. 120.,,https://photos.app.goo.gl/tFiLkvZAbKP6KWzh7,,
,Twin Peaks,2,Corbett Slope Community Park. Few wood steps.,,https://photos.app.goo.gl/NQBCmw5Bx1kDBzAPA,,
,Twin Peaks,2,Cuesta Court.,,https://photos.app.goo.gl/gJfEyLm2SkNWSuvo7,,
,Twin Peaks,2,Fredela Lane/Clairview Court & Farview Court.,,https://photos.app.goo.gl/YQ7N2qZheCbfVv4EA,,
,Twin Peaks,2,Fredela Lane/Lower Marview & Clairview Court.,,https://photos.app.goo.gl/WuXxgLhy1saHjVoS6,,
,Twin Peaks,2,Glendale at Corbett.,,https://photos.app.goo.gl/toRCHaSpatrSw9F89,,
,Twin Peaks,2,Vista Lane/Burnett at No. 535 to Gardenside to Parkridge.,,https://photos.app.goo.gl/Jr6yr23wSAucm2P58,,
,Twin Peaks,2,Vista Lane/Burnett Parkridge. to Crestline at No. 70.,,https://photos.app.goo.gl/CXXRp1RkMVAckDnF8,,
,Twin Peaks,1,"Market, opposite No. 3801.",,https://photos.app.goo.gl/mFV9SKPuL3Nqyt6R8,,
,Twin Peaks,1,Market/Romain & Glendale.,,https://photos.app.goo.gl/3ANtkYLRZALEUE3g9,,
,Upper Market,5,Vulcan/Levant & Ord. Caring neighbors and cobblestone—not to be missed.,,https://photos.app.goo.gl/fT6cxG9Xqgf6q5wEA,,
,Upper Market,4,"Ashbury Terrace, next to No. 64.1911-1912 development.",,https://photos.app.goo.gl/ui4zWdthGhm7BhFJ9,,
,Upper Market,4,Saturn/end of Saturn & Ord. Redesigned by Department of Public Works. Benches and planted areas augment curving stairway.,,https://photos.app.goo.gl/kSBVi84ZsjUui6qZA,,
,Upper Market,4,Upper Terrace. No. 480 at Mt. Olympus down to Upper Terrace No. 227. View. Neighborly.,,https://photos.app.goo.gl/ndPPPxcyANnDWkku7,,
,Upper Market,3,Corbett & Mars.,,https://photos.app.goo.gl/QcXjmChPMcoRcMrX9,,
,Upper Market,3,Corbin Place/No. 200 Corbett & No. 4399 17th St.,,https://photos.app.goo.gl/f1iQ7ZouhKDk98P47,,
,Upper Market,3,Danvers/18th St. & Market. A 1946 stairway.,,https://photos.app.goo.gl/EcU4z9SaLhPZoDUV9,,
,Upper Market,3,"Douglass/States & 17th St. Charming, tree-lined cul-de-sac, with an assortment of Victorians.",,https://photos.app.goo.gl/2VyM3skwasmjKRqW8,,
,Upper Market,3,Levant/States & Roosevelt. High retaining wall covered with vines. Butterflies and chickadees abound in the foliage. Curved street complements stairway.,,https://photos.app.goo.gl/VxnBLs1CRiDucv3P7,,
,Upper Market,3,Lower Terrace & Saturn.,,https://photos.app.goo.gl/3azjLvxVXQ47n2jT9,,
,Upper Market,3,"Ord/Storrie & Market, down to Ord at 18th St. Happy wall mural on No. 176 Ord at end of stairway.",,https://photos.app.goo.gl/TwwUo7VpeKhzmP6U9,,
,Upper Market,3,Saturn/Lower Terrace and top of Saturn Stairway Seven useful stairways interacting with sidewalk and street.,,https://photos.app.goo.gl/UkCA7AZ4w7zrvQQZ7,,
,Upper Market,3,"Upper Terrace. Monument Way at 17th Ave./Clayton & Roosevelt, to Upper Terrace. View. ",,https://photos.app.goo.gl/2ZnD731oZ4cURqZy9,,
,Upper Market,3,Upper Terrace. Steps to Mt. Olympus monument.,,https://photos.app.goo.gl/zgRHL5T5vZQUSDjf7,,
,Upper Market,2,17th St. & Mars. Rounding a corner.,,https://photos.app.goo.gl/Liz2rgkXG3uJwTaG9,,
,Upper Market,2,Ashbury/No. 57 & No. 81 Ashbury Terrace. Seven small stairways between street and sidewalk.,,https://photos.app.goo.gl/itMqqSbv8h2x8UyP9,,
,Upper Market,2,Clifford Terrace at Roosevelt No. 475.,,https://photos.app.goo.gl/MM3yEXP7wfenQn8g9,,
,Upper Market,2,Loma Vista/Roosevelt Way. Few small stairways along west side of block.,,https://photos.app.goo.gl/LMeVbYzX4KMAPqhJ9,,
,Upper Market,2,Ord Court at No. 2 to Douglass cul-de-sac. Surprise.,,https://photos.app.goo.gl/5XeUVDhisZynv4aM6,,
,Upper Market,2,Roosevelt Way to Lower Terrace No.180. Alongside Lower Terrace Greenspace.,,https://photos.app.goo.gl/yZqD7J8j2SxGR28EA,,
,Upper Market,2,Saturn at No.154/Temple & Roosevelt.,,https://photos.app.goo.gl/UbaMb4BdBULDVr9P8,,
,Upper Market,1,Corbett & 17th St. The two steps serve the purpose of rounding the corner.,,https://photos.app.goo.gl/3Hc3EixUnbUeDQtJ8,,
,Upper Market,1,Roosevelt at 17th St. Rounding a corner.,,https://photos.app.goo.gl/7tNBEwh17zpuyKqz5,,
,Visitacion Valley,5,"Campbell/Elliot & Visitacion Ave. Unexpected, long, in open-space setting",,https://photos.app.goo.gl/JB8yevm5enMMvfT17,,
,Visitacion Valley,3,Beeman Lane/Wabash & San Bruno.,,https://photos.app.goo.gl/PjbZhTYcVx5X5Ddq8,,
,Visitacion Valley,3,Campbell/San Bruno & Bayshore.,,https://photos.app.goo.gl/Lq42UwWcJWy8Nymu8,,
,Visitacion Valley,3,Hollywood Park. Nice views.,,https://photos.app.goo.gl/rccAVxJAJQGsACTU9,,
,Visitacion Valley,3,"San Bruno to Bayshore Blvd., near Arletta. See the inscription ""SAFETY SUBWAY"" on the concrete wall of corner staircase.",,https://photos.app.goo.gl/V1KtkLAc3zWrdy9V9,,
,Visitacion Valley,3,Visitacion Valley Greenway Children's Play Garden. Leland/Teddy & Campbell Aves.,,https://photos.app.goo.gl/kQT2ZeDvUTVxcMn56,,
,Visitacion Valley,3,Visitacion Valley Greenway Herb Garden/Arleta & Teddy.,,https://photos.app.goo.gl/MiuMbc9jteMXuFhE9,,
,Visitacion Valley,2,"Delta and Tucker, at corner.",,https://photos.app.goo.gl/S3X3hKtuLKCm5Yhy5,,
,Visitacion Valley,2,Raymond Avenue at western end. Down to Leland Avenue and McLaren Park Community Garden.,,https://photos.app.goo.gl/D6rXuVn5KsYe6eeeA,,
,Visitacion Valley,2,"San Bruno Ave., near #3400",,https://photos.app.goo.gl/WZLW23DJFho3VVtPA,,
,Visitacion Valley,2,Visitacion Valley Greenway Agriculture Lot. Leland/Campbell & Tucker Aves.,,https://photos.app.goo.gl/iNZvJp7FnTNRMa6c9,,
,Visitacion Valley,2,Ward/Girard at No. 1093 & San Bruno.,,,,
,Visitacion Valley,1,Hahn Street between Visitacion Avenue and Sunnydale Avenue,,https://photos.app.goo.gl/g2ztM5Vp7eaFJMK87,,
,Visitacion Valley,1,Kelloch & Velasco Mini Park. Corner of Kelloch and Velasco. Photo by Brett Lider.,,https://photos.app.goo.gl/i9x4CdviYUr9RWFS8,,
,Visitacion Valley,1,Kelloch & Velasco Mini Park. Kelloch/Rey and Schwerin.,,"https://photos.app.goo.gl/LPMzLXvniG86eJjg7
Photo by Brett Lider",,
,Visitacion Valley,1,Kelloch & Velasco Mini Park. NW corner of park. Photo by Brett Lider.,,https://photos.app.goo.gl/uknMyqkJGysBjSRM7,,
,Visitacion Valley,1,Kelloch & Velasco Mini Park. Velasco/Accacia and Schwerin.,,https://photos.app.goo.gl/izXqySSBSvmp4jkS9,,
,Visitacion Valley,1,"San Bruno Ave., near #3400",,https://photos.app.goo.gl/WZLW23DJFho3VVtPA,,
,Western Addition,4,Cottage Row at Sutter to Bush/Webster & Fillmore.,,https://photos.app.goo.gl/vnLMH1JphzA8TFd99,,
,Western Addition,3,"Waller, between Laguna and Buchanan.",,https://photos.app.goo.gl/FsZ5QCtLoprtzvsA7,,
,Western Addition,2,Raymond Kimbell Playground. Pierce St./O'Farrell & Ellis Sts. Down to sports fields.,,https://photos.app.goo.gl/87S6rKLrNNXfciZw6,,
,Western Addition,1,"Fillmore & O'Farrell, in shopping center plaza.",,https://photos.app.goo.gl/jdHYX8y5qDrX2ESZ6,,
,Western Addition,1,Near 1275 Geary. Few steps. At intersection with Peter Yorke Way.,,https://photos.app.goo.gl/kVK3Ab5SwSWQF2fi9,,
,Yerba Buena Island,3,Bay Bridge Trail Lookout,26,https://photos.app.goo.gl/9poCNSBr7oSifGFz8,,
,,,,,,,
,,,,,1087,,<---total # of stairways with photos